id,label,path
imagen_1.jpeg,1,train/imagen_1.jpeg
imagen_2.jpg,0,train/imagen_2.jpg
imagen_3.jpg,0,train/imagen_3.jpg
imagen_4.jpg,0,train/imagen_4.jpg
imagen_5.jpg,0,train/imagen_5.jpg
imagen_6.jpeg,1,train/imagen_6.jpeg
imagen_7.jpeg,1,train/imagen_7.jpeg
imagen_8.jpeg,1,train/imagen_8.jpeg
imagen_9.jpg,0,train/imagen_9.jpg
imagen_10.jpg,0,train/imagen_10.jpg
imagen_11.jpeg,1,train/imagen_11.jpeg
imagen_12.jpeg,1,train/imagen_12.jpeg
imagen_13.jpeg,1,train/imagen_13.jpeg
imagen_14.jpg,0,train/imagen_14.jpg
imagen_15.jpg,0,train/imagen_15.jpg
imagen_16.jpeg,1,train/imagen_16.jpeg
imagen_17.jpeg,1,train/imagen_17.jpeg
imagen_18.jpeg,1,train/imagen_18.jpeg
imagen_19.jpeg,1,train/imagen_19.jpeg
imagen_20.jpeg,1,train/imagen_20.jpeg
imagen_21.jpeg,1,train/imagen_21.jpeg
imagen_22.jpg,0,train/imagen_22.jpg
imagen_23.jpeg,1,train/imagen_23.jpeg
imagen_24.jpg,0,train/imagen_24.jpg
imagen_25.jpeg,1,train/imagen_25.jpeg
imagen_26.jpeg,1,train/imagen_26.jpeg
imagen_27.jpg,0,train/imagen_27.jpg
imagen_28.jpg,0,train/imagen_28.jpg
imagen_29.jpeg,1,train/imagen_29.jpeg
imagen_30.jpeg,1,train/imagen_30.jpeg
imagen_31.jpeg,1,train/imagen_31.jpeg
imagen_32.jpg,0,train/imagen_32.jpg
imagen_33.jpeg,1,train/imagen_33.jpeg
imagen_34.jpg,0,train/imagen_34.jpg
imagen_35.jpg,0,train/imagen_35.jpg
imagen_36.jpg,0,train/imagen_36.jpg
imagen_37.jpeg,1,train/imagen_37.jpeg
imagen_38.jpeg,1,train/imagen_38.jpeg
imagen_39.jpg,0,train/imagen_39.jpg
imagen_40.jpeg,1,train/imagen_40.jpeg
imagen_41.jpg,0,train/imagen_41.jpg
imagen_42.jpg,0,train/imagen_42.jpg
imagen_43.jpg,0,train/imagen_43.jpg
imagen_44.jpg,0,train/imagen_44.jpg
imagen_45.jpg,0,train/imagen_45.jpg
imagen_46.jpeg,1,train/imagen_46.jpeg
imagen_47.jpg,0,train/imagen_47.jpg
imagen_48.jpeg,1,train/imagen_48.jpeg
imagen_49.jpg,0,train/imagen_49.jpg
imagen_50.jpeg,1,train/imagen_50.jpeg
imagen_51.jpg,0,train/imagen_51.jpg
imagen_52.jpg,0,train/imagen_52.jpg
imagen_53.jpg,0,train/imagen_53.jpg
imagen_54.jpg,0,train/imagen_54.jpg
imagen_55.jpg,0,train/imagen_55.jpg
imagen_56.jpeg,1,train/imagen_56.jpeg
imagen_57.jpg,0,train/imagen_57.jpg
imagen_58.jpg,0,train/imagen_58.jpg
imagen_59.jpg,0,train/imagen_59.jpg
imagen_60.jpg,0,train/imagen_60.jpg
imagen_61.jpeg,1,train/imagen_61.jpeg
imagen_62.jpeg,1,train/imagen_62.jpeg
imagen_63.jpeg,1,train/imagen_63.jpeg
imagen_64.jpeg,1,train/imagen_64.jpeg
imagen_65.jpg,0,train/imagen_65.jpg
imagen_66.jpg,0,train/imagen_66.jpg
imagen_67.jpg,0,train/imagen_67.jpg
imagen_68.jpeg,1,train/imagen_68.jpeg
imagen_69.jpg,0,train/imagen_69.jpg
imagen_70.jpeg,1,train/imagen_70.jpeg
imagen_71.jpg,0,train/imagen_71.jpg
imagen_72.jpg,0,train/imagen_72.jpg
imagen_73.jpeg,1,train/imagen_73.jpeg
imagen_74.jpeg,1,train/imagen_74.jpeg
imagen_75.jpeg,1,train/imagen_75.jpeg
imagen_76.jpg,0,train/imagen_76.jpg
imagen_77.jpg,0,train/imagen_77.jpg
imagen_78.jpg,0,train/imagen_78.jpg
imagen_79.jpeg,1,train/imagen_79.jpeg
imagen_80.jpg,0,train/imagen_80.jpg
imagen_81.jpeg,1,train/imagen_81.jpeg
imagen_82.jpg,0,train/imagen_82.jpg
imagen_83.jpg,0,train/imagen_83.jpg
imagen_84.jpeg,1,train/imagen_84.jpeg
imagen_85.jpg,0,train/imagen_85.jpg
imagen_86.jpeg,1,train/imagen_86.jpeg
imagen_87.jpeg,1,train/imagen_87.jpeg
imagen_88.jpg,0,train/imagen_88.jpg
imagen_89.jpg,0,train/imagen_89.jpg
imagen_90.jpeg,1,train/imagen_90.jpeg
imagen_91.jpg,0,train/imagen_91.jpg
imagen_92.jpeg,1,train/imagen_92.jpeg
imagen_93.jpg,0,train/imagen_93.jpg
imagen_94.jpeg,1,train/imagen_94.jpeg
imagen_95.jpeg,1,train/imagen_95.jpeg
imagen_96.jpg,0,train/imagen_96.jpg
imagen_97.jpg,0,train/imagen_97.jpg
imagen_98.jpeg,1,train/imagen_98.jpeg
imagen_99.jpg,0,train/imagen_99.jpg
imagen_100.jpg,0,train/imagen_100.jpg
imagen_101.jpeg,1,train/imagen_101.jpeg
imagen_102.jpg,0,train/imagen_102.jpg
imagen_103.jpg,0,train/imagen_103.jpg
imagen_104.jpg,0,train/imagen_104.jpg
imagen_105.jpg,0,train/imagen_105.jpg
imagen_106.jpeg,1,train/imagen_106.jpeg
imagen_107.jpeg,1,train/imagen_107.jpeg
imagen_108.jpg,0,train/imagen_108.jpg
imagen_109.jpeg,1,train/imagen_109.jpeg
imagen_110.jpeg,1,train/imagen_110.jpeg
imagen_111.jpg,0,train/imagen_111.jpg
imagen_112.jpeg,1,train/imagen_112.jpeg
imagen_113.jpg,0,train/imagen_113.jpg
imagen_114.jpeg,1,train/imagen_114.jpeg
imagen_115.jpg,0,train/imagen_115.jpg
imagen_116.jpg,0,train/imagen_116.jpg
imagen_117.jpeg,1,train/imagen_117.jpeg
imagen_118.jpg,0,train/imagen_118.jpg
imagen_119.jpg,0,train/imagen_119.jpg
imagen_120.jpeg,1,train/imagen_120.jpeg
imagen_121.jpeg,1,train/imagen_121.jpeg
imagen_122.jpg,0,train/imagen_122.jpg
imagen_123.jpg,0,train/imagen_123.jpg
imagen_124.jpg,0,train/imagen_124.jpg
imagen_125.jpg,0,train/imagen_125.jpg
imagen_126.jpeg,1,train/imagen_126.jpeg
imagen_127.jpeg,1,train/imagen_127.jpeg
imagen_128.jpeg,1,train/imagen_128.jpeg
imagen_129.jpg,0,train/imagen_129.jpg
imagen_130.jpg,0,train/imagen_130.jpg
imagen_131.jpg,0,train/imagen_131.jpg
imagen_132.jpeg,1,train/imagen_132.jpeg
imagen_133.jpeg,1,train/imagen_133.jpeg
imagen_134.jpeg,1,train/imagen_134.jpeg
imagen_135.jpeg,1,train/imagen_135.jpeg
imagen_136.jpeg,1,train/imagen_136.jpeg
imagen_137.jpg,0,train/imagen_137.jpg
imagen_138.jpeg,1,train/imagen_138.jpeg
imagen_139.jpg,0,train/imagen_139.jpg
imagen_140.jpg,0,train/imagen_140.jpg
imagen_141.jpeg,1,train/imagen_141.jpeg
imagen_142.jpg,0,train/imagen_142.jpg
imagen_143.jpeg,1,train/imagen_143.jpeg
imagen_144.jpeg,1,train/imagen_144.jpeg
imagen_145.jpg,0,train/imagen_145.jpg
imagen_146.jpeg,1,train/imagen_146.jpeg
imagen_147.jpg,0,train/imagen_147.jpg
imagen_148.jpg,0,train/imagen_148.jpg
imagen_149.jpeg,1,train/imagen_149.jpeg
imagen_150.jpg,0,train/imagen_150.jpg
imagen_151.jpg,0,train/imagen_151.jpg
imagen_152.jpg,0,train/imagen_152.jpg
imagen_153.jpeg,1,train/imagen_153.jpeg
imagen_154.jpeg,1,train/imagen_154.jpeg
imagen_155.jpg,0,train/imagen_155.jpg
imagen_156.jpg,0,train/imagen_156.jpg
imagen_157.jpg,0,train/imagen_157.jpg
imagen_158.jpeg,1,train/imagen_158.jpeg
imagen_159.jpg,0,train/imagen_159.jpg
imagen_160.jpg,0,train/imagen_160.jpg
imagen_161.jpg,0,train/imagen_161.jpg
imagen_162.jpg,0,train/imagen_162.jpg
imagen_163.jpg,0,train/imagen_163.jpg
imagen_164.jpeg,1,train/imagen_164.jpeg
imagen_165.jpeg,1,train/imagen_165.jpeg
imagen_166.jpg,0,train/imagen_166.jpg
imagen_167.jpg,0,train/imagen_167.jpg
imagen_168.jpg,0,train/imagen_168.jpg
imagen_169.jpeg,1,train/imagen_169.jpeg
imagen_170.jpeg,1,train/imagen_170.jpeg
imagen_171.jpeg,1,train/imagen_171.jpeg
imagen_172.jpg,0,train/imagen_172.jpg
imagen_173.jpg,0,train/imagen_173.jpg
imagen_174.jpg,0,train/imagen_174.jpg
imagen_175.jpg,0,train/imagen_175.jpg
imagen_176.jpg,0,train/imagen_176.jpg
imagen_177.jpg,0,train/imagen_177.jpg
imagen_178.jpeg,1,train/imagen_178.jpeg
imagen_179.jpeg,1,train/imagen_179.jpeg
imagen_180.jpeg,1,train/imagen_180.jpeg
imagen_181.jpeg,1,train/imagen_181.jpeg
imagen_182.jpg,0,train/imagen_182.jpg
imagen_183.jpg,0,train/imagen_183.jpg
imagen_184.jpeg,1,train/imagen_184.jpeg
imagen_185.jpeg,1,train/imagen_185.jpeg
imagen_186.jpeg,1,train/imagen_186.jpeg
imagen_187.jpeg,1,train/imagen_187.jpeg
imagen_188.jpeg,1,train/imagen_188.jpeg
imagen_189.jpeg,1,train/imagen_189.jpeg
imagen_190.jpg,0,train/imagen_190.jpg
imagen_191.jpg,0,train/imagen_191.jpg
imagen_192.jpeg,1,train/imagen_192.jpeg
imagen_193.jpg,0,train/imagen_193.jpg
imagen_194.jpg,0,train/imagen_194.jpg
imagen_195.jpg,0,train/imagen_195.jpg
imagen_196.jpeg,1,train/imagen_196.jpeg
imagen_197.jpeg,1,train/imagen_197.jpeg
imagen_198.jpg,0,train/imagen_198.jpg
imagen_199.jpeg,1,train/imagen_199.jpeg
imagen_200.jpg,0,train/imagen_200.jpg
imagen_201.jpg,0,train/imagen_201.jpg
imagen_202.jpg,0,train/imagen_202.jpg
imagen_203.jpg,0,train/imagen_203.jpg
imagen_204.jpg,0,train/imagen_204.jpg
imagen_205.jpeg,1,train/imagen_205.jpeg
imagen_206.jpg,0,train/imagen_206.jpg
imagen_207.jpg,0,train/imagen_207.jpg
imagen_208.jpg,0,train/imagen_208.jpg
imagen_209.jpeg,1,train/imagen_209.jpeg
imagen_210.jpg,0,train/imagen_210.jpg
imagen_211.jpg,0,train/imagen_211.jpg
imagen_212.jpeg,1,train/imagen_212.jpeg
imagen_213.jpeg,1,train/imagen_213.jpeg
imagen_214.jpeg,1,train/imagen_214.jpeg
imagen_215.jpg,0,train/imagen_215.jpg
imagen_216.jpg,0,train/imagen_216.jpg
imagen_217.jpg,0,train/imagen_217.jpg
imagen_218.jpg,0,train/imagen_218.jpg
imagen_219.jpeg,1,train/imagen_219.jpeg
imagen_220.jpeg,1,train/imagen_220.jpeg
imagen_221.jpeg,1,train/imagen_221.jpeg
imagen_222.jpeg,1,train/imagen_222.jpeg
imagen_223.jpeg,1,train/imagen_223.jpeg
imagen_224.jpg,0,train/imagen_224.jpg
imagen_225.jpg,0,train/imagen_225.jpg
imagen_226.jpg,0,train/imagen_226.jpg
imagen_227.jpg,0,train/imagen_227.jpg
imagen_228.jpg,0,train/imagen_228.jpg
imagen_229.jpeg,1,train/imagen_229.jpeg
imagen_230.jpeg,1,train/imagen_230.jpeg
imagen_231.jpeg,1,train/imagen_231.jpeg
imagen_232.jpg,0,train/imagen_232.jpg
imagen_233.jpeg,1,train/imagen_233.jpeg
imagen_234.jpeg,1,train/imagen_234.jpeg
imagen_235.jpg,0,train/imagen_235.jpg
imagen_236.jpg,0,train/imagen_236.jpg
imagen_237.jpg,0,train/imagen_237.jpg
imagen_238.jpg,0,train/imagen_238.jpg
imagen_239.jpeg,1,train/imagen_239.jpeg
imagen_240.jpeg,1,train/imagen_240.jpeg
imagen_241.jpeg,1,train/imagen_241.jpeg
imagen_242.jpeg,1,train/imagen_242.jpeg
imagen_243.jpg,0,train/imagen_243.jpg
imagen_244.jpeg,1,train/imagen_244.jpeg
imagen_245.jpeg,1,train/imagen_245.jpeg
imagen_246.jpeg,1,train/imagen_246.jpeg
imagen_247.jpg,0,train/imagen_247.jpg
imagen_248.jpg,0,train/imagen_248.jpg
imagen_249.jpeg,1,train/imagen_249.jpeg
imagen_250.jpeg,1,train/imagen_250.jpeg
imagen_251.jpeg,1,train/imagen_251.jpeg
imagen_252.jpeg,1,train/imagen_252.jpeg
imagen_253.jpeg,1,train/imagen_253.jpeg
imagen_254.jpeg,1,train/imagen_254.jpeg
imagen_255.jpg,0,train/imagen_255.jpg
imagen_256.jpeg,1,train/imagen_256.jpeg
imagen_257.jpeg,1,train/imagen_257.jpeg
imagen_258.jpg,0,train/imagen_258.jpg
imagen_259.jpeg,1,train/imagen_259.jpeg
imagen_260.jpeg,1,train/imagen_260.jpeg
imagen_261.jpg,0,train/imagen_261.jpg
imagen_262.jpg,0,train/imagen_262.jpg
imagen_263.jpg,0,train/imagen_263.jpg
imagen_264.jpeg,1,train/imagen_264.jpeg
imagen_265.jpeg,1,train/imagen_265.jpeg
imagen_266.jpeg,1,train/imagen_266.jpeg
imagen_267.jpg,0,train/imagen_267.jpg
imagen_268.jpg,0,train/imagen_268.jpg
imagen_269.jpg,0,train/imagen_269.jpg
imagen_270.jpeg,1,train/imagen_270.jpeg
imagen_271.jpeg,1,train/imagen_271.jpeg
imagen_272.jpg,0,train/imagen_272.jpg
imagen_273.jpg,0,train/imagen_273.jpg
imagen_274.jpeg,1,train/imagen_274.jpeg
imagen_275.jpeg,1,train/imagen_275.jpeg
imagen_276.jpg,0,train/imagen_276.jpg
imagen_277.jpg,0,train/imagen_277.jpg
imagen_278.jpeg,1,train/imagen_278.jpeg
imagen_279.jpeg,1,train/imagen_279.jpeg
imagen_280.jpg,0,train/imagen_280.jpg
imagen_281.jpeg,1,train/imagen_281.jpeg
imagen_282.jpeg,1,train/imagen_282.jpeg
imagen_283.jpg,0,train/imagen_283.jpg
imagen_284.jpeg,1,train/imagen_284.jpeg
imagen_285.jpeg,1,train/imagen_285.jpeg
imagen_286.jpeg,1,train/imagen_286.jpeg
imagen_287.jpg,0,train/imagen_287.jpg
imagen_288.jpeg,1,train/imagen_288.jpeg
imagen_289.jpg,0,train/imagen_289.jpg
imagen_290.jpg,0,train/imagen_290.jpg
imagen_291.jpg,0,train/imagen_291.jpg
imagen_292.jpg,0,train/imagen_292.jpg
imagen_293.jpeg,1,train/imagen_293.jpeg
imagen_294.jpg,0,train/imagen_294.jpg
imagen_295.jpg,0,train/imagen_295.jpg
imagen_296.jpeg,1,train/imagen_296.jpeg
imagen_297.jpg,0,train/imagen_297.jpg
imagen_298.jpg,0,train/imagen_298.jpg
imagen_299.jpeg,1,train/imagen_299.jpeg
imagen_300.jpg,0,train/imagen_300.jpg
imagen_301.jpg,0,train/imagen_301.jpg
imagen_302.jpg,0,train/imagen_302.jpg
imagen_303.jpeg,1,train/imagen_303.jpeg
imagen_304.jpg,0,train/imagen_304.jpg
imagen_305.jpeg,1,train/imagen_305.jpeg
imagen_306.jpg,0,train/imagen_306.jpg
imagen_307.jpg,0,train/imagen_307.jpg
imagen_308.jpeg,1,train/imagen_308.jpeg
imagen_309.jpeg,1,train/imagen_309.jpeg
imagen_310.jpeg,1,train/imagen_310.jpeg
imagen_311.jpeg,1,train/imagen_311.jpeg
imagen_312.jpg,0,train/imagen_312.jpg
imagen_313.jpg,0,train/imagen_313.jpg
imagen_314.jpg,0,train/imagen_314.jpg
imagen_315.jpg,0,train/imagen_315.jpg
imagen_316.jpeg,1,train/imagen_316.jpeg
imagen_317.jpeg,1,train/imagen_317.jpeg
imagen_318.jpg,0,train/imagen_318.jpg
imagen_319.jpeg,1,train/imagen_319.jpeg
imagen_320.jpeg,1,train/imagen_320.jpeg
imagen_321.jpg,1,train/imagen_321.jpg
imagen_322.jpg,0,train/imagen_322.jpg
imagen_323.jpg,0,train/imagen_323.jpg
imagen_324.jpeg,1,train/imagen_324.jpeg
imagen_325.jpg,0,train/imagen_325.jpg
imagen_326.jpeg,1,train/imagen_326.jpeg
imagen_327.jpeg,1,train/imagen_327.jpeg
imagen_328.jpeg,1,train/imagen_328.jpeg
imagen_329.jpg,0,train/imagen_329.jpg
imagen_330.jpg,0,train/imagen_330.jpg
imagen_331.jpg,0,train/imagen_331.jpg
imagen_332.jpg,0,train/imagen_332.jpg
imagen_333.jpg,0,train/imagen_333.jpg
imagen_334.jpeg,1,train/imagen_334.jpeg
imagen_335.jpeg,1,train/imagen_335.jpeg
imagen_336.jpg,0,train/imagen_336.jpg
imagen_337.jpg,0,train/imagen_337.jpg
imagen_338.jpeg,1,train/imagen_338.jpeg
imagen_339.jpg,0,train/imagen_339.jpg
imagen_340.jpeg,1,train/imagen_340.jpeg
imagen_341.jpg,0,train/imagen_341.jpg
imagen_342.jpg,0,train/imagen_342.jpg
imagen_343.jpeg,1,train/imagen_343.jpeg
imagen_344.jpeg,1,train/imagen_344.jpeg
imagen_345.jpg,0,train/imagen_345.jpg
imagen_346.jpeg,1,train/imagen_346.jpeg
imagen_347.jpg,0,train/imagen_347.jpg
imagen_348.jpeg,1,train/imagen_348.jpeg
imagen_349.jpeg,1,train/imagen_349.jpeg
imagen_350.jpg,0,train/imagen_350.jpg
imagen_351.jpg,0,train/imagen_351.jpg
imagen_352.jpg,0,train/imagen_352.jpg
imagen_353.jpeg,1,train/imagen_353.jpeg
imagen_354.jpeg,1,train/imagen_354.jpeg
imagen_355.jpg,0,train/imagen_355.jpg
imagen_356.jpg,0,train/imagen_356.jpg
imagen_357.jpeg,1,train/imagen_357.jpeg
imagen_358.jpg,0,train/imagen_358.jpg
imagen_359.jpeg,1,train/imagen_359.jpeg
imagen_360.jpeg,1,train/imagen_360.jpeg
imagen_361.jpeg,1,train/imagen_361.jpeg
imagen_362.jpeg,1,train/imagen_362.jpeg
imagen_363.jpg,0,train/imagen_363.jpg
imagen_364.jpg,0,train/imagen_364.jpg
imagen_365.jpg,0,train/imagen_365.jpg
imagen_366.jpeg,1,train/imagen_366.jpeg
imagen_367.jpeg,1,train/imagen_367.jpeg
imagen_368.jpg,0,train/imagen_368.jpg
imagen_369.jpeg,1,train/imagen_369.jpeg
imagen_370.jpeg,1,train/imagen_370.jpeg
imagen_371.jpeg,1,train/imagen_371.jpeg
imagen_372.jpg,0,train/imagen_372.jpg
imagen_373.jpg,0,train/imagen_373.jpg
imagen_374.jpg,0,train/imagen_374.jpg
imagen_375.jpg,0,train/imagen_375.jpg
imagen_376.jpeg,1,train/imagen_376.jpeg
imagen_377.jpg,0,train/imagen_377.jpg
imagen_378.jpeg,1,train/imagen_378.jpeg
imagen_379.jpg,0,train/imagen_379.jpg
imagen_380.jpeg,1,train/imagen_380.jpeg
imagen_381.jpg,0,train/imagen_381.jpg
imagen_382.jpg,0,train/imagen_382.jpg
imagen_383.jpeg,1,train/imagen_383.jpeg
imagen_384.jpg,0,train/imagen_384.jpg
imagen_385.jpg,0,train/imagen_385.jpg
imagen_386.jpeg,1,train/imagen_386.jpeg
imagen_387.jpg,0,train/imagen_387.jpg
imagen_388.jpg,0,train/imagen_388.jpg
imagen_389.jpg,0,train/imagen_389.jpg
imagen_390.jpeg,1,train/imagen_390.jpeg
imagen_391.jpeg,1,train/imagen_391.jpeg
imagen_392.jpeg,1,train/imagen_392.jpeg
imagen_393.jpeg,1,train/imagen_393.jpeg
imagen_394.jpeg,1,train/imagen_394.jpeg
imagen_395.jpeg,1,train/imagen_395.jpeg
imagen_396.jpeg,1,train/imagen_396.jpeg
imagen_397.jpeg,1,train/imagen_397.jpeg
imagen_398.jpg,0,train/imagen_398.jpg
imagen_399.jpg,0,train/imagen_399.jpg
imagen_400.jpeg,1,train/imagen_400.jpeg
imagen_401.jpeg,1,train/imagen_401.jpeg
imagen_402.jpg,0,train/imagen_402.jpg
imagen_403.jpeg,1,train/imagen_403.jpeg
imagen_404.jpeg,1,train/imagen_404.jpeg
imagen_405.jpeg,1,train/imagen_405.jpeg
imagen_406.jpg,0,train/imagen_406.jpg
imagen_407.jpg,0,train/imagen_407.jpg
imagen_408.jpeg,1,train/imagen_408.jpeg
imagen_409.jpeg,1,train/imagen_409.jpeg
imagen_410.jpg,0,train/imagen_410.jpg
imagen_411.jpg,0,train/imagen_411.jpg
imagen_412.jpeg,1,train/imagen_412.jpeg
imagen_413.jpg,0,train/imagen_413.jpg
imagen_414.jpg,0,train/imagen_414.jpg
imagen_415.jpg,0,train/imagen_415.jpg
imagen_416.jpeg,1,train/imagen_416.jpeg
imagen_417.jpeg,1,train/imagen_417.jpeg
imagen_418.jpg,0,train/imagen_418.jpg
imagen_419.jpeg,1,train/imagen_419.jpeg
imagen_420.jpeg,1,train/imagen_420.jpeg
imagen_421.jpeg,1,train/imagen_421.jpeg
imagen_422.jpeg,1,train/imagen_422.jpeg
imagen_423.jpeg,1,train/imagen_423.jpeg
imagen_424.jpeg,1,train/imagen_424.jpeg
imagen_425.jpg,0,train/imagen_425.jpg
imagen_426.jpg,0,train/imagen_426.jpg
imagen_427.jpeg,1,train/imagen_427.jpeg
imagen_428.jpg,0,train/imagen_428.jpg
imagen_429.jpg,0,train/imagen_429.jpg
imagen_430.jpeg,1,train/imagen_430.jpeg
imagen_431.jpeg,1,train/imagen_431.jpeg
imagen_432.jpeg,1,train/imagen_432.jpeg
imagen_433.jpeg,1,train/imagen_433.jpeg
imagen_434.jpg,0,train/imagen_434.jpg
imagen_435.jpg,0,train/imagen_435.jpg
imagen_436.jpg,0,train/imagen_436.jpg
imagen_437.jpg,0,train/imagen_437.jpg
imagen_438.jpg,0,train/imagen_438.jpg
imagen_439.jpeg,1,train/imagen_439.jpeg
imagen_440.jpeg,1,train/imagen_440.jpeg
imagen_441.jpeg,1,train/imagen_441.jpeg
imagen_442.jpeg,1,train/imagen_442.jpeg
imagen_443.jpeg,1,train/imagen_443.jpeg
imagen_444.jpeg,1,train/imagen_444.jpeg
imagen_445.jpg,0,train/imagen_445.jpg
imagen_446.jpg,0,train/imagen_446.jpg
imagen_447.jpeg,1,train/imagen_447.jpeg
imagen_448.jpg,0,train/imagen_448.jpg
imagen_449.jpeg,1,train/imagen_449.jpeg
imagen_450.jpeg,1,train/imagen_450.jpeg
imagen_451.jpeg,1,train/imagen_451.jpeg
imagen_452.jpeg,1,train/imagen_452.jpeg
imagen_453.jpeg,1,train/imagen_453.jpeg
imagen_454.jpeg,1,train/imagen_454.jpeg
imagen_455.jpg,0,train/imagen_455.jpg
imagen_456.jpg,0,train/imagen_456.jpg
imagen_457.jpeg,1,train/imagen_457.jpeg
imagen_458.jpg,0,train/imagen_458.jpg
imagen_459.jpg,0,train/imagen_459.jpg
imagen_460.jpeg,1,train/imagen_460.jpeg
imagen_461.jpg,0,train/imagen_461.jpg
imagen_462.jpg,0,train/imagen_462.jpg
imagen_463.jpg,0,train/imagen_463.jpg
imagen_464.jpeg,1,train/imagen_464.jpeg
imagen_465.jpg,0,train/imagen_465.jpg
imagen_466.jpg,0,train/imagen_466.jpg
imagen_467.jpg,1,train/imagen_467.jpg
imagen_468.jpeg,1,train/imagen_468.jpeg
imagen_469.jpg,0,train/imagen_469.jpg
imagen_470.jpg,0,train/imagen_470.jpg
imagen_471.jpeg,1,train/imagen_471.jpeg
imagen_472.jpeg,1,train/imagen_472.jpeg
imagen_473.jpg,0,train/imagen_473.jpg
imagen_474.jpeg,1,train/imagen_474.jpeg
imagen_475.jpg,0,train/imagen_475.jpg
imagen_476.jpg,0,train/imagen_476.jpg
imagen_477.jpg,0,train/imagen_477.jpg
imagen_478.jpg,0,train/imagen_478.jpg
imagen_479.jpg,0,train/imagen_479.jpg
imagen_480.jpeg,1,train/imagen_480.jpeg
imagen_481.jpg,0,train/imagen_481.jpg
imagen_482.jpeg,1,train/imagen_482.jpeg
imagen_483.jpg,0,train/imagen_483.jpg
imagen_484.jpeg,1,train/imagen_484.jpeg
imagen_485.jpg,0,train/imagen_485.jpg
imagen_486.jpeg,1,train/imagen_486.jpeg
imagen_487.jpg,0,train/imagen_487.jpg
imagen_488.jpg,0,train/imagen_488.jpg
imagen_489.jpeg,1,train/imagen_489.jpeg
imagen_490.jpeg,1,train/imagen_490.jpeg
imagen_491.jpg,0,train/imagen_491.jpg
imagen_492.jpeg,1,train/imagen_492.jpeg
imagen_493.jpg,0,train/imagen_493.jpg
imagen_494.jpg,0,train/imagen_494.jpg
imagen_495.jpg,0,train/imagen_495.jpg
imagen_496.jpeg,1,train/imagen_496.jpeg
imagen_497.jpg,0,train/imagen_497.jpg
imagen_498.jpg,0,train/imagen_498.jpg
imagen_499.jpg,0,train/imagen_499.jpg
imagen_500.jpg,0,train/imagen_500.jpg
imagen_501.jpeg,1,train/imagen_501.jpeg
imagen_502.jpg,0,train/imagen_502.jpg
imagen_503.jpg,0,train/imagen_503.jpg
imagen_504.jpeg,1,train/imagen_504.jpeg
imagen_505.jpg,0,train/imagen_505.jpg
imagen_506.jpeg,1,train/imagen_506.jpeg
imagen_507.jpeg,1,train/imagen_507.jpeg
imagen_508.jpeg,1,train/imagen_508.jpeg
imagen_509.jpg,0,train/imagen_509.jpg
imagen_510.jpg,0,train/imagen_510.jpg
imagen_511.jpeg,1,train/imagen_511.jpeg
imagen_512.jpg,0,train/imagen_512.jpg
imagen_513.jpg,0,train/imagen_513.jpg
imagen_514.jpg,0,train/imagen_514.jpg
imagen_515.jpg,0,train/imagen_515.jpg
imagen_516.jpg,0,train/imagen_516.jpg
imagen_517.jpg,0,train/imagen_517.jpg
imagen_518.jpg,0,train/imagen_518.jpg
imagen_519.jpg,0,train/imagen_519.jpg
imagen_520.jpeg,1,train/imagen_520.jpeg
imagen_521.jpg,0,train/imagen_521.jpg
imagen_522.jpg,0,train/imagen_522.jpg
imagen_523.jpeg,1,train/imagen_523.jpeg
imagen_524.jpg,0,train/imagen_524.jpg
imagen_525.jpeg,1,train/imagen_525.jpeg
imagen_526.jpeg,1,train/imagen_526.jpeg
imagen_527.jpg,0,train/imagen_527.jpg
imagen_528.jpg,0,train/imagen_528.jpg
imagen_529.jpeg,1,train/imagen_529.jpeg
imagen_530.jpg,0,train/imagen_530.jpg
imagen_531.jpeg,1,train/imagen_531.jpeg
imagen_532.jpg,0,train/imagen_532.jpg
imagen_533.jpg,0,train/imagen_533.jpg
imagen_534.jpeg,1,train/imagen_534.jpeg
imagen_535.jpg,0,train/imagen_535.jpg
imagen_536.jpeg,1,train/imagen_536.jpeg
imagen_537.jpg,0,train/imagen_537.jpg
imagen_538.jpeg,1,train/imagen_538.jpeg
imagen_539.jpeg,1,train/imagen_539.jpeg
imagen_540.jpg,0,train/imagen_540.jpg
imagen_541.jpg,0,train/imagen_541.jpg
imagen_542.jpg,0,train/imagen_542.jpg
imagen_543.jpg,0,train/imagen_543.jpg
imagen_544.jpeg,1,train/imagen_544.jpeg
imagen_545.jpg,0,train/imagen_545.jpg
imagen_546.jpeg,1,train/imagen_546.jpeg
imagen_547.jpg,0,train/imagen_547.jpg
imagen_548.jpg,0,train/imagen_548.jpg
imagen_549.jpg,0,train/imagen_549.jpg
imagen_550.jpg,0,train/imagen_550.jpg
imagen_551.jpeg,1,train/imagen_551.jpeg
imagen_552.jpeg,1,train/imagen_552.jpeg
imagen_553.jpg,0,train/imagen_553.jpg
imagen_554.jpg,0,train/imagen_554.jpg
imagen_555.jpg,0,train/imagen_555.jpg
imagen_556.jpg,0,train/imagen_556.jpg
imagen_557.jpg,0,train/imagen_557.jpg
imagen_558.jpeg,1,train/imagen_558.jpeg
imagen_559.jpeg,1,train/imagen_559.jpeg
imagen_560.jpg,0,train/imagen_560.jpg
imagen_561.jpg,0,train/imagen_561.jpg
imagen_562.jpeg,1,train/imagen_562.jpeg
imagen_563.jpg,0,train/imagen_563.jpg
imagen_564.jpeg,1,train/imagen_564.jpeg
imagen_565.jpg,0,train/imagen_565.jpg
imagen_566.jpg,0,train/imagen_566.jpg
imagen_567.jpg,0,train/imagen_567.jpg
imagen_568.jpg,0,train/imagen_568.jpg
imagen_569.jpeg,1,train/imagen_569.jpeg
imagen_570.jpg,0,train/imagen_570.jpg
imagen_571.jpeg,1,train/imagen_571.jpeg
imagen_572.jpeg,1,train/imagen_572.jpeg
imagen_573.jpg,0,train/imagen_573.jpg
imagen_574.jpeg,1,train/imagen_574.jpeg
imagen_575.jpeg,1,train/imagen_575.jpeg
imagen_576.jpg,0,train/imagen_576.jpg
imagen_577.jpg,0,train/imagen_577.jpg
imagen_578.jpg,1,train/imagen_578.jpg
imagen_579.jpg,0,train/imagen_579.jpg
imagen_580.jpg,0,train/imagen_580.jpg
imagen_581.jpg,0,train/imagen_581.jpg
imagen_582.jpg,0,train/imagen_582.jpg
imagen_583.jpeg,1,train/imagen_583.jpeg
imagen_584.jpg,0,train/imagen_584.jpg
imagen_585.jpeg,1,train/imagen_585.jpeg
imagen_586.jpeg,1,train/imagen_586.jpeg
imagen_587.jpeg,1,train/imagen_587.jpeg
imagen_588.jpg,0,train/imagen_588.jpg
imagen_589.jpeg,1,train/imagen_589.jpeg
imagen_590.jpeg,1,train/imagen_590.jpeg
imagen_591.jpg,0,train/imagen_591.jpg
imagen_592.jpg,0,train/imagen_592.jpg
imagen_593.jpeg,1,train/imagen_593.jpeg
imagen_594.jpeg,1,train/imagen_594.jpeg
imagen_595.jpg,0,train/imagen_595.jpg
imagen_596.jpg,0,train/imagen_596.jpg
imagen_597.jpeg,1,train/imagen_597.jpeg
imagen_598.jpg,0,train/imagen_598.jpg
imagen_599.jpg,0,train/imagen_599.jpg
imagen_600.jpg,0,train/imagen_600.jpg
imagen_601.jpeg,1,train/imagen_601.jpeg
imagen_602.jpg,0,train/imagen_602.jpg
imagen_603.jpg,0,train/imagen_603.jpg
imagen_604.jpg,0,train/imagen_604.jpg
imagen_605.jpg,0,train/imagen_605.jpg
imagen_606.jpeg,1,train/imagen_606.jpeg
imagen_607.jpeg,1,train/imagen_607.jpeg
imagen_608.jpeg,1,train/imagen_608.jpeg
imagen_609.jpg,0,train/imagen_609.jpg
imagen_610.jpg,0,train/imagen_610.jpg
imagen_611.jpeg,1,train/imagen_611.jpeg
imagen_612.jpeg,1,train/imagen_612.jpeg
imagen_613.jpeg,1,train/imagen_613.jpeg
imagen_614.jpg,0,train/imagen_614.jpg
imagen_615.jpeg,1,train/imagen_615.jpeg
imagen_616.jpeg,1,train/imagen_616.jpeg
imagen_617.jpeg,1,train/imagen_617.jpeg
imagen_618.jpg,0,train/imagen_618.jpg
imagen_619.jpg,0,train/imagen_619.jpg
imagen_620.jpg,0,train/imagen_620.jpg
imagen_621.jpeg,1,train/imagen_621.jpeg
imagen_622.jpeg,1,train/imagen_622.jpeg
imagen_623.jpeg,1,train/imagen_623.jpeg
imagen_624.jpeg,1,train/imagen_624.jpeg
imagen_625.jpeg,1,train/imagen_625.jpeg
imagen_626.jpg,0,train/imagen_626.jpg
imagen_627.jpg,0,train/imagen_627.jpg
imagen_628.jpg,0,train/imagen_628.jpg
imagen_629.jpeg,1,train/imagen_629.jpeg
imagen_630.jpeg,1,train/imagen_630.jpeg
imagen_631.jpg,0,train/imagen_631.jpg
imagen_632.jpg,0,train/imagen_632.jpg
imagen_633.jpg,0,train/imagen_633.jpg
imagen_634.jpeg,1,train/imagen_634.jpeg
imagen_635.jpg,0,train/imagen_635.jpg
imagen_636.jpeg,1,train/imagen_636.jpeg
imagen_637.jpg,0,train/imagen_637.jpg
imagen_638.jpg,0,train/imagen_638.jpg
imagen_639.jpg,0,train/imagen_639.jpg
imagen_640.jpeg,1,train/imagen_640.jpeg
imagen_641.jpg,0,train/imagen_641.jpg
imagen_642.jpeg,1,train/imagen_642.jpeg
imagen_643.jpg,0,train/imagen_643.jpg
imagen_644.jpg,0,train/imagen_644.jpg
imagen_645.jpeg,1,train/imagen_645.jpeg
imagen_646.jpeg,1,train/imagen_646.jpeg
imagen_647.jpeg,1,train/imagen_647.jpeg
imagen_648.jpg,0,train/imagen_648.jpg
imagen_649.jpg,0,train/imagen_649.jpg
imagen_650.jpeg,1,train/imagen_650.jpeg
imagen_651.jpeg,1,train/imagen_651.jpeg
imagen_652.jpeg,1,train/imagen_652.jpeg
imagen_653.jpeg,1,train/imagen_653.jpeg
imagen_654.jpeg,1,train/imagen_654.jpeg
imagen_655.jpg,0,train/imagen_655.jpg
imagen_656.jpg,0,train/imagen_656.jpg
imagen_657.jpeg,1,train/imagen_657.jpeg
imagen_658.jpeg,1,train/imagen_658.jpeg
imagen_659.jpg,0,train/imagen_659.jpg
imagen_660.jpeg,1,train/imagen_660.jpeg
imagen_661.jpg,0,train/imagen_661.jpg
imagen_662.jpeg,1,train/imagen_662.jpeg
imagen_663.jpeg,1,train/imagen_663.jpeg
imagen_664.jpg,0,train/imagen_664.jpg
imagen_665.jpeg,1,train/imagen_665.jpeg
imagen_666.jpg,0,train/imagen_666.jpg
imagen_667.jpeg,1,train/imagen_667.jpeg
imagen_668.jpg,0,train/imagen_668.jpg
imagen_669.jpeg,1,train/imagen_669.jpeg
imagen_670.jpg,0,train/imagen_670.jpg
imagen_671.jpg,0,train/imagen_671.jpg
imagen_672.jpg,0,train/imagen_672.jpg
imagen_673.jpeg,1,train/imagen_673.jpeg
imagen_674.jpg,0,train/imagen_674.jpg
imagen_675.jpeg,1,train/imagen_675.jpeg
imagen_676.jpg,0,train/imagen_676.jpg
imagen_677.jpeg,1,train/imagen_677.jpeg
imagen_678.jpg,0,train/imagen_678.jpg
imagen_679.jpeg,1,train/imagen_679.jpeg
imagen_680.jpg,0,train/imagen_680.jpg
imagen_681.jpg,0,train/imagen_681.jpg
imagen_682.jpeg,1,train/imagen_682.jpeg
imagen_683.jpeg,1,train/imagen_683.jpeg
imagen_684.jpg,1,train/imagen_684.jpg
imagen_685.jpeg,1,train/imagen_685.jpeg
imagen_686.jpeg,1,train/imagen_686.jpeg
imagen_687.jpg,0,train/imagen_687.jpg
imagen_688.jpg,0,train/imagen_688.jpg
imagen_689.jpeg,1,train/imagen_689.jpeg
imagen_690.jpg,0,train/imagen_690.jpg
imagen_691.jpeg,1,train/imagen_691.jpeg
imagen_692.jpeg,1,train/imagen_692.jpeg
imagen_693.jpeg,1,train/imagen_693.jpeg
imagen_694.jpeg,1,train/imagen_694.jpeg
imagen_695.jpg,0,train/imagen_695.jpg
imagen_696.jpeg,1,train/imagen_696.jpeg
imagen_697.jpg,0,train/imagen_697.jpg
imagen_698.jpeg,1,train/imagen_698.jpeg
imagen_699.jpg,0,train/imagen_699.jpg
imagen_700.jpeg,1,train/imagen_700.jpeg
imagen_701.jpeg,1,train/imagen_701.jpeg
imagen_702.jpeg,1,train/imagen_702.jpeg
imagen_703.jpeg,1,train/imagen_703.jpeg
imagen_704.jpg,0,train/imagen_704.jpg
imagen_705.jpeg,1,train/imagen_705.jpeg
imagen_706.jpeg,1,train/imagen_706.jpeg
imagen_707.jpeg,1,train/imagen_707.jpeg
imagen_708.jpg,0,train/imagen_708.jpg
imagen_709.jpg,0,train/imagen_709.jpg
imagen_710.jpeg,1,train/imagen_710.jpeg
imagen_711.jpg,0,train/imagen_711.jpg
imagen_712.jpg,0,train/imagen_712.jpg
imagen_713.jpg,0,train/imagen_713.jpg
imagen_714.jpeg,1,train/imagen_714.jpeg
imagen_715.jpg,0,train/imagen_715.jpg
imagen_716.jpg,0,train/imagen_716.jpg
imagen_717.jpeg,1,train/imagen_717.jpeg
imagen_718.jpeg,1,train/imagen_718.jpeg
imagen_719.jpeg,1,train/imagen_719.jpeg
imagen_720.jpeg,1,train/imagen_720.jpeg
imagen_721.jpg,0,train/imagen_721.jpg
imagen_722.jpg,0,train/imagen_722.jpg
imagen_723.jpg,0,train/imagen_723.jpg
imagen_724.jpg,0,train/imagen_724.jpg
imagen_725.jpg,0,train/imagen_725.jpg
imagen_726.jpeg,1,train/imagen_726.jpeg
imagen_727.jpg,0,train/imagen_727.jpg
imagen_728.jpg,0,train/imagen_728.jpg
imagen_729.jpg,0,train/imagen_729.jpg
imagen_730.jpg,0,train/imagen_730.jpg
imagen_731.jpg,0,train/imagen_731.jpg
imagen_732.jpg,0,train/imagen_732.jpg
imagen_733.jpg,0,train/imagen_733.jpg
imagen_734.jpeg,1,train/imagen_734.jpeg
imagen_735.jpeg,1,train/imagen_735.jpeg
imagen_736.jpg,0,train/imagen_736.jpg
imagen_737.jpeg,1,train/imagen_737.jpeg
imagen_738.jpg,0,train/imagen_738.jpg
imagen_739.jpeg,1,train/imagen_739.jpeg
imagen_740.jpeg,1,train/imagen_740.jpeg
imagen_741.jpg,0,train/imagen_741.jpg
imagen_742.jpg,0,train/imagen_742.jpg
imagen_743.jpeg,1,train/imagen_743.jpeg
imagen_744.jpeg,1,train/imagen_744.jpeg
imagen_745.jpg,0,train/imagen_745.jpg
imagen_746.jpeg,1,train/imagen_746.jpeg
imagen_747.jpeg,1,train/imagen_747.jpeg
imagen_748.jpeg,1,train/imagen_748.jpeg
imagen_749.jpg,0,train/imagen_749.jpg
imagen_750.jpeg,1,train/imagen_750.jpeg
imagen_751.jpg,0,train/imagen_751.jpg
imagen_752.jpeg,1,train/imagen_752.jpeg
imagen_753.jpeg,1,train/imagen_753.jpeg
imagen_754.jpeg,1,train/imagen_754.jpeg
imagen_755.jpg,0,train/imagen_755.jpg
imagen_756.jpg,0,train/imagen_756.jpg
imagen_757.jpeg,1,train/imagen_757.jpeg
imagen_758.jpg,0,train/imagen_758.jpg
imagen_759.jpeg,1,train/imagen_759.jpeg
imagen_760.jpg,0,train/imagen_760.jpg
imagen_761.jpg,0,train/imagen_761.jpg
imagen_762.jpeg,1,train/imagen_762.jpeg
imagen_763.jpg,0,train/imagen_763.jpg
imagen_764.jpg,0,train/imagen_764.jpg
imagen_765.jpeg,1,train/imagen_765.jpeg
imagen_766.jpg,0,train/imagen_766.jpg
imagen_767.jpg,0,train/imagen_767.jpg
imagen_768.jpeg,1,train/imagen_768.jpeg
imagen_769.jpeg,1,train/imagen_769.jpeg
imagen_770.jpeg,1,train/imagen_770.jpeg
imagen_771.jpeg,1,train/imagen_771.jpeg
imagen_772.jpeg,1,train/imagen_772.jpeg
imagen_773.jpg,0,train/imagen_773.jpg
imagen_774.jpeg,1,train/imagen_774.jpeg
imagen_775.jpeg,1,train/imagen_775.jpeg
imagen_776.jpeg,1,train/imagen_776.jpeg
imagen_777.jpeg,1,train/imagen_777.jpeg
imagen_778.jpeg,1,train/imagen_778.jpeg
imagen_779.jpg,0,train/imagen_779.jpg
imagen_780.jpeg,1,train/imagen_780.jpeg
imagen_781.jpg,0,train/imagen_781.jpg
imagen_782.jpg,0,train/imagen_782.jpg
imagen_783.jpeg,1,train/imagen_783.jpeg
imagen_784.jpeg,1,train/imagen_784.jpeg
imagen_785.jpg,0,train/imagen_785.jpg
imagen_786.jpg,0,train/imagen_786.jpg
imagen_787.jpeg,1,train/imagen_787.jpeg
imagen_788.jpg,0,train/imagen_788.jpg
imagen_789.jpg,0,train/imagen_789.jpg
imagen_790.jpg,0,train/imagen_790.jpg
imagen_791.jpeg,1,train/imagen_791.jpeg
imagen_792.jpg,0,train/imagen_792.jpg
imagen_793.jpeg,1,train/imagen_793.jpeg
imagen_794.jpg,0,train/imagen_794.jpg
imagen_795.jpeg,1,train/imagen_795.jpeg
imagen_796.jpg,0,train/imagen_796.jpg
imagen_797.jpeg,1,train/imagen_797.jpeg
imagen_798.jpeg,1,train/imagen_798.jpeg
imagen_799.jpeg,1,train/imagen_799.jpeg
imagen_800.jpeg,1,train/imagen_800.jpeg
imagen_801.jpg,0,train/imagen_801.jpg
imagen_802.jpeg,1,train/imagen_802.jpeg
imagen_803.jpg,0,train/imagen_803.jpg
imagen_804.jpeg,1,train/imagen_804.jpeg
imagen_805.jpeg,1,train/imagen_805.jpeg
imagen_806.jpeg,1,train/imagen_806.jpeg
imagen_807.jpg,0,train/imagen_807.jpg
imagen_808.jpg,0,train/imagen_808.jpg
imagen_809.jpg,0,train/imagen_809.jpg
imagen_810.jpg,0,train/imagen_810.jpg
imagen_811.jpg,0,train/imagen_811.jpg
imagen_812.jpeg,1,train/imagen_812.jpeg
imagen_813.jpg,0,train/imagen_813.jpg
imagen_814.jpeg,1,train/imagen_814.jpeg
imagen_815.jpg,0,train/imagen_815.jpg
imagen_816.jpeg,1,train/imagen_816.jpeg
imagen_817.jpg,0,train/imagen_817.jpg
imagen_818.jpeg,1,train/imagen_818.jpeg
imagen_819.jpeg,1,train/imagen_819.jpeg
imagen_820.jpg,0,train/imagen_820.jpg
imagen_821.jpg,0,train/imagen_821.jpg
imagen_822.jpeg,1,train/imagen_822.jpeg
imagen_823.jpeg,1,train/imagen_823.jpeg
imagen_824.jpg,0,train/imagen_824.jpg
imagen_825.jpg,0,train/imagen_825.jpg
imagen_826.jpeg,1,train/imagen_826.jpeg
imagen_827.jpeg,1,train/imagen_827.jpeg
imagen_828.jpeg,1,train/imagen_828.jpeg
imagen_829.jpeg,1,train/imagen_829.jpeg
imagen_830.jpg,0,train/imagen_830.jpg
imagen_831.jpeg,1,train/imagen_831.jpeg
imagen_832.jpg,0,train/imagen_832.jpg
imagen_833.jpeg,1,train/imagen_833.jpeg
imagen_834.jpeg,1,train/imagen_834.jpeg
imagen_835.jpeg,1,train/imagen_835.jpeg
imagen_836.jpg,0,train/imagen_836.jpg
imagen_837.jpg,0,train/imagen_837.jpg
imagen_838.jpg,0,train/imagen_838.jpg
imagen_839.jpg,0,train/imagen_839.jpg
imagen_840.jpeg,1,train/imagen_840.jpeg
imagen_841.jpg,0,train/imagen_841.jpg
imagen_842.jpeg,1,train/imagen_842.jpeg
imagen_843.jpg,0,train/imagen_843.jpg
imagen_844.jpeg,1,train/imagen_844.jpeg
imagen_845.jpeg,1,train/imagen_845.jpeg
imagen_846.jpg,0,train/imagen_846.jpg
imagen_847.jpeg,1,train/imagen_847.jpeg
imagen_848.jpeg,1,train/imagen_848.jpeg
imagen_849.jpg,0,train/imagen_849.jpg
imagen_850.jpeg,1,train/imagen_850.jpeg
imagen_851.jpeg,1,train/imagen_851.jpeg
imagen_852.jpeg,1,train/imagen_852.jpeg
imagen_853.jpeg,1,train/imagen_853.jpeg
imagen_854.jpeg,1,train/imagen_854.jpeg
imagen_855.jpeg,1,train/imagen_855.jpeg
imagen_856.jpeg,1,train/imagen_856.jpeg
imagen_857.jpeg,1,train/imagen_857.jpeg
imagen_858.jpg,0,train/imagen_858.jpg
imagen_859.jpeg,1,train/imagen_859.jpeg
imagen_860.jpg,0,train/imagen_860.jpg
imagen_861.jpg,0,train/imagen_861.jpg
imagen_862.jpg,0,train/imagen_862.jpg
imagen_863.jpg,0,train/imagen_863.jpg
imagen_864.jpeg,1,train/imagen_864.jpeg
imagen_865.jpeg,1,train/imagen_865.jpeg
imagen_866.jpeg,1,train/imagen_866.jpeg
imagen_867.jpeg,1,train/imagen_867.jpeg
imagen_868.jpeg,1,train/imagen_868.jpeg
imagen_869.jpeg,1,train/imagen_869.jpeg
imagen_870.jpg,0,train/imagen_870.jpg
imagen_871.jpg,0,train/imagen_871.jpg
imagen_872.jpg,0,train/imagen_872.jpg
imagen_873.jpg,0,train/imagen_873.jpg
imagen_874.jpg,0,train/imagen_874.jpg
imagen_875.jpg,0,train/imagen_875.jpg
imagen_876.jpeg,1,train/imagen_876.jpeg
imagen_877.jpeg,1,train/imagen_877.jpeg
imagen_878.jpeg,1,train/imagen_878.jpeg
imagen_879.jpeg,1,train/imagen_879.jpeg
imagen_880.jpeg,1,train/imagen_880.jpeg
imagen_881.jpg,0,train/imagen_881.jpg
imagen_882.jpg,0,train/imagen_882.jpg
imagen_883.jpg,0,train/imagen_883.jpg
imagen_884.jpg,0,train/imagen_884.jpg
imagen_885.jpeg,1,train/imagen_885.jpeg
imagen_886.jpg,0,train/imagen_886.jpg
imagen_887.jpeg,1,train/imagen_887.jpeg
imagen_888.jpeg,1,train/imagen_888.jpeg
imagen_889.jpg,0,train/imagen_889.jpg
imagen_890.jpg,0,train/imagen_890.jpg
imagen_891.jpg,0,train/imagen_891.jpg
imagen_892.jpg,0,train/imagen_892.jpg
imagen_893.jpeg,1,train/imagen_893.jpeg
imagen_894.jpg,0,train/imagen_894.jpg
imagen_895.jpeg,1,train/imagen_895.jpeg
imagen_896.jpeg,1,train/imagen_896.jpeg
imagen_897.jpg,0,train/imagen_897.jpg
imagen_898.jpg,0,train/imagen_898.jpg
imagen_899.jpeg,1,train/imagen_899.jpeg
imagen_900.jpeg,1,train/imagen_900.jpeg
imagen_901.jpg,0,train/imagen_901.jpg
imagen_902.jpg,0,train/imagen_902.jpg
imagen_903.jpeg,1,train/imagen_903.jpeg
imagen_904.jpeg,1,train/imagen_904.jpeg
imagen_905.jpg,0,train/imagen_905.jpg
imagen_906.jpeg,1,train/imagen_906.jpeg
imagen_907.jpg,0,train/imagen_907.jpg
imagen_908.jpg,0,train/imagen_908.jpg
imagen_909.jpg,0,train/imagen_909.jpg
imagen_910.jpg,0,train/imagen_910.jpg
imagen_911.jpeg,1,train/imagen_911.jpeg
imagen_912.jpg,0,train/imagen_912.jpg
imagen_913.jpeg,1,train/imagen_913.jpeg
imagen_914.jpeg,1,train/imagen_914.jpeg
imagen_915.jpg,0,train/imagen_915.jpg
imagen_916.jpeg,1,train/imagen_916.jpeg
imagen_917.jpg,0,train/imagen_917.jpg
imagen_918.jpeg,1,train/imagen_918.jpeg
imagen_919.jpg,0,train/imagen_919.jpg
imagen_920.jpeg,1,train/imagen_920.jpeg
imagen_921.jpg,0,train/imagen_921.jpg
imagen_922.jpg,0,train/imagen_922.jpg
imagen_923.jpeg,1,train/imagen_923.jpeg
imagen_924.jpeg,1,train/imagen_924.jpeg
imagen_925.jpg,0,train/imagen_925.jpg
imagen_926.jpeg,1,train/imagen_926.jpeg
imagen_927.jpeg,1,train/imagen_927.jpeg
imagen_928.jpeg,1,train/imagen_928.jpeg
imagen_929.jpeg,1,train/imagen_929.jpeg
imagen_930.jpeg,1,train/imagen_930.jpeg
imagen_931.jpg,0,train/imagen_931.jpg
imagen_932.jpeg,1,train/imagen_932.jpeg
imagen_933.jpeg,1,train/imagen_933.jpeg
imagen_934.jpeg,1,train/imagen_934.jpeg
imagen_935.jpg,0,train/imagen_935.jpg
imagen_936.jpeg,1,train/imagen_936.jpeg
imagen_937.jpg,0,train/imagen_937.jpg
imagen_938.jpeg,1,train/imagen_938.jpeg
imagen_939.jpeg,1,train/imagen_939.jpeg
imagen_940.jpg,0,train/imagen_940.jpg
imagen_941.jpeg,1,train/imagen_941.jpeg
imagen_942.jpg,0,train/imagen_942.jpg
imagen_943.jpg,0,train/imagen_943.jpg
imagen_944.jpeg,1,train/imagen_944.jpeg
imagen_945.jpeg,1,train/imagen_945.jpeg
imagen_946.jpeg,1,train/imagen_946.jpeg
imagen_947.jpeg,1,train/imagen_947.jpeg
imagen_948.jpg,0,train/imagen_948.jpg
imagen_949.jpeg,1,train/imagen_949.jpeg
imagen_950.jpeg,1,train/imagen_950.jpeg
imagen_951.jpg,0,train/imagen_951.jpg
imagen_952.jpg,0,train/imagen_952.jpg
imagen_953.jpeg,1,train/imagen_953.jpeg
imagen_954.jpeg,1,train/imagen_954.jpeg
imagen_955.jpg,0,train/imagen_955.jpg
imagen_956.jpg,0,train/imagen_956.jpg
imagen_957.jpeg,1,train/imagen_957.jpeg
imagen_958.jpeg,1,train/imagen_958.jpeg
imagen_959.jpeg,1,train/imagen_959.jpeg
imagen_960.jpg,0,train/imagen_960.jpg
imagen_961.jpeg,1,train/imagen_961.jpeg
imagen_962.jpeg,1,train/imagen_962.jpeg
imagen_963.jpeg,1,train/imagen_963.jpeg
imagen_964.jpeg,1,train/imagen_964.jpeg
imagen_965.jpg,0,train/imagen_965.jpg
imagen_966.jpg,0,train/imagen_966.jpg
imagen_967.jpeg,1,train/imagen_967.jpeg
imagen_968.jpg,0,train/imagen_968.jpg
imagen_969.jpeg,1,train/imagen_969.jpeg
imagen_970.jpg,0,train/imagen_970.jpg
imagen_971.jpeg,1,train/imagen_971.jpeg
imagen_972.jpg,0,train/imagen_972.jpg
imagen_973.jpeg,1,train/imagen_973.jpeg
imagen_974.jpg,0,train/imagen_974.jpg
imagen_975.jpg,0,train/imagen_975.jpg
imagen_976.jpg,0,train/imagen_976.jpg
imagen_977.jpeg,1,train/imagen_977.jpeg
imagen_978.jpg,0,train/imagen_978.jpg
imagen_979.jpeg,1,train/imagen_979.jpeg
imagen_980.jpg,0,train/imagen_980.jpg
imagen_981.jpeg,1,train/imagen_981.jpeg
imagen_982.jpeg,1,train/imagen_982.jpeg
imagen_983.jpeg,1,train/imagen_983.jpeg
imagen_984.jpeg,1,train/imagen_984.jpeg
imagen_985.jpeg,1,train/imagen_985.jpeg
imagen_986.jpg,0,train/imagen_986.jpg
imagen_987.jpg,0,train/imagen_987.jpg
imagen_988.jpg,0,train/imagen_988.jpg
imagen_989.jpg,0,train/imagen_989.jpg
imagen_990.jpeg,1,train/imagen_990.jpeg
imagen_991.jpeg,1,train/imagen_991.jpeg
imagen_992.jpeg,1,train/imagen_992.jpeg
imagen_993.jpeg,1,train/imagen_993.jpeg
imagen_994.jpg,0,train/imagen_994.jpg
imagen_995.jpeg,1,train/imagen_995.jpeg
imagen_996.jpg,0,train/imagen_996.jpg
imagen_997.jpeg,1,train/imagen_997.jpeg
imagen_998.jpeg,1,train/imagen_998.jpeg
imagen_999.jpg,0,train/imagen_999.jpg
imagen_1000.jpeg,1,train/imagen_1000.jpeg
imagen_1001.jpeg,1,train/imagen_1001.jpeg
imagen_1002.jpeg,1,train/imagen_1002.jpeg
imagen_1003.jpg,0,train/imagen_1003.jpg
imagen_1004.jpeg,1,train/imagen_1004.jpeg
imagen_1005.jpg,0,train/imagen_1005.jpg
imagen_1006.jpg,0,train/imagen_1006.jpg
imagen_1007.jpg,0,train/imagen_1007.jpg
imagen_1008.jpeg,1,train/imagen_1008.jpeg
imagen_1009.jpeg,1,train/imagen_1009.jpeg
imagen_1010.jpeg,1,train/imagen_1010.jpeg
imagen_1011.jpeg,1,train/imagen_1011.jpeg
imagen_1012.jpg,0,train/imagen_1012.jpg
imagen_1013.jpeg,1,train/imagen_1013.jpeg
imagen_1014.jpg,0,train/imagen_1014.jpg
imagen_1015.jpg,0,train/imagen_1015.jpg
imagen_1016.jpeg,1,train/imagen_1016.jpeg
imagen_1017.jpg,0,train/imagen_1017.jpg
imagen_1018.jpeg,1,train/imagen_1018.jpeg
imagen_1019.jpeg,1,train/imagen_1019.jpeg
imagen_1020.jpg,0,train/imagen_1020.jpg
imagen_1021.jpg,0,train/imagen_1021.jpg
imagen_1022.jpg,0,train/imagen_1022.jpg
imagen_1023.jpg,0,train/imagen_1023.jpg
imagen_1024.jpeg,1,train/imagen_1024.jpeg
imagen_1025.jpg,0,train/imagen_1025.jpg
imagen_1026.jpg,0,train/imagen_1026.jpg
imagen_1027.jpg,0,train/imagen_1027.jpg
imagen_1028.jpg,0,train/imagen_1028.jpg
imagen_1029.jpeg,1,train/imagen_1029.jpeg
imagen_1030.jpg,0,train/imagen_1030.jpg
imagen_1031.jpeg,1,train/imagen_1031.jpeg
imagen_1032.jpg,0,train/imagen_1032.jpg
imagen_1033.jpg,0,train/imagen_1033.jpg
imagen_1034.jpg,0,train/imagen_1034.jpg
imagen_1035.jpg,0,train/imagen_1035.jpg
imagen_1036.jpg,0,train/imagen_1036.jpg
imagen_1037.jpeg,1,train/imagen_1037.jpeg
imagen_1038.jpg,0,train/imagen_1038.jpg
imagen_1039.jpeg,1,train/imagen_1039.jpeg
imagen_1040.jpeg,1,train/imagen_1040.jpeg
imagen_1041.jpg,0,train/imagen_1041.jpg
imagen_1042.jpeg,1,train/imagen_1042.jpeg
imagen_1043.jpg,0,train/imagen_1043.jpg
imagen_1044.jpeg,1,train/imagen_1044.jpeg
imagen_1045.jpeg,1,train/imagen_1045.jpeg
imagen_1046.jpeg,1,train/imagen_1046.jpeg
imagen_1047.jpg,0,train/imagen_1047.jpg
imagen_1048.jpeg,1,train/imagen_1048.jpeg
imagen_1049.jpg,0,train/imagen_1049.jpg
imagen_1050.jpeg,1,train/imagen_1050.jpeg
imagen_1051.jpeg,1,train/imagen_1051.jpeg
imagen_1052.jpeg,1,train/imagen_1052.jpeg
imagen_1053.jpg,0,train/imagen_1053.jpg
imagen_1054.jpg,0,train/imagen_1054.jpg
imagen_1055.jpg,0,train/imagen_1055.jpg
imagen_1056.jpeg,1,train/imagen_1056.jpeg
imagen_1057.jpg,0,train/imagen_1057.jpg
imagen_1058.jpeg,1,train/imagen_1058.jpeg
imagen_1059.jpg,0,train/imagen_1059.jpg
imagen_1060.jpg,0,train/imagen_1060.jpg
imagen_1061.jpeg,1,train/imagen_1061.jpeg
imagen_1062.jpg,0,train/imagen_1062.jpg
imagen_1063.jpg,0,train/imagen_1063.jpg
imagen_1064.jpg,0,train/imagen_1064.jpg
imagen_1065.jpeg,1,train/imagen_1065.jpeg
imagen_1066.jpg,0,train/imagen_1066.jpg
imagen_1067.jpg,0,train/imagen_1067.jpg
imagen_1068.jpeg,1,train/imagen_1068.jpeg
imagen_1069.jpg,0,train/imagen_1069.jpg
imagen_1070.jpg,0,train/imagen_1070.jpg
imagen_1071.jpg,0,train/imagen_1071.jpg
imagen_1072.jpg,0,train/imagen_1072.jpg
imagen_1073.jpg,0,train/imagen_1073.jpg
imagen_1074.jpg,0,train/imagen_1074.jpg
imagen_1075.jpg,1,train/imagen_1075.jpg
imagen_1076.jpg,0,train/imagen_1076.jpg
imagen_1077.jpg,0,train/imagen_1077.jpg
imagen_1078.jpeg,1,train/imagen_1078.jpeg
imagen_1079.jpg,0,train/imagen_1079.jpg
imagen_1080.jpg,0,train/imagen_1080.jpg
imagen_1081.jpeg,1,train/imagen_1081.jpeg
imagen_1082.jpg,0,train/imagen_1082.jpg
imagen_1083.jpg,0,train/imagen_1083.jpg
imagen_1084.jpg,0,train/imagen_1084.jpg
imagen_1085.jpeg,1,train/imagen_1085.jpeg
imagen_1086.jpeg,1,train/imagen_1086.jpeg
imagen_1087.jpg,0,train/imagen_1087.jpg
imagen_1088.jpeg,1,train/imagen_1088.jpeg
imagen_1089.jpg,0,train/imagen_1089.jpg
imagen_1090.jpeg,1,train/imagen_1090.jpeg
imagen_1091.jpeg,1,train/imagen_1091.jpeg
imagen_1092.jpg,0,train/imagen_1092.jpg
imagen_1093.jpg,0,train/imagen_1093.jpg
imagen_1094.jpg,0,train/imagen_1094.jpg
imagen_1095.jpeg,1,train/imagen_1095.jpeg
imagen_1096.jpg,0,train/imagen_1096.jpg
imagen_1097.jpg,0,train/imagen_1097.jpg
imagen_1098.jpeg,1,train/imagen_1098.jpeg
imagen_1099.jpeg,1,train/imagen_1099.jpeg
imagen_1100.jpeg,1,train/imagen_1100.jpeg
imagen_1101.jpeg,1,train/imagen_1101.jpeg
imagen_1102.jpeg,1,train/imagen_1102.jpeg
imagen_1103.jpeg,1,train/imagen_1103.jpeg
imagen_1104.jpeg,1,train/imagen_1104.jpeg
imagen_1105.jpeg,1,train/imagen_1105.jpeg
imagen_1106.jpg,0,train/imagen_1106.jpg
imagen_1107.jpg,0,train/imagen_1107.jpg
imagen_1108.jpg,0,train/imagen_1108.jpg
imagen_1109.jpeg,1,train/imagen_1109.jpeg
imagen_1110.jpg,0,train/imagen_1110.jpg
imagen_1111.jpg,0,train/imagen_1111.jpg
imagen_1112.jpg,0,train/imagen_1112.jpg
imagen_1113.jpeg,1,train/imagen_1113.jpeg
imagen_1114.jpeg,1,train/imagen_1114.jpeg
imagen_1115.jpeg,1,train/imagen_1115.jpeg
imagen_1116.jpeg,1,train/imagen_1116.jpeg
imagen_1117.jpg,0,train/imagen_1117.jpg
imagen_1118.jpg,0,train/imagen_1118.jpg
imagen_1119.jpeg,1,train/imagen_1119.jpeg
imagen_1120.jpg,0,train/imagen_1120.jpg
imagen_1121.jpg,0,train/imagen_1121.jpg
imagen_1122.jpg,0,train/imagen_1122.jpg
imagen_1123.jpg,0,train/imagen_1123.jpg
imagen_1124.jpg,0,train/imagen_1124.jpg
imagen_1125.jpeg,1,train/imagen_1125.jpeg
imagen_1126.jpeg,1,train/imagen_1126.jpeg
imagen_1127.jpg,0,train/imagen_1127.jpg
imagen_1128.jpg,0,train/imagen_1128.jpg
imagen_1129.jpeg,1,train/imagen_1129.jpeg
imagen_1130.jpg,0,train/imagen_1130.jpg
imagen_1131.jpg,0,train/imagen_1131.jpg
imagen_1132.jpg,0,train/imagen_1132.jpg
imagen_1133.jpeg,1,train/imagen_1133.jpeg
imagen_1134.jpeg,1,train/imagen_1134.jpeg
imagen_1135.jpeg,1,train/imagen_1135.jpeg
imagen_1136.jpg,0,train/imagen_1136.jpg
imagen_1137.jpeg,1,train/imagen_1137.jpeg
imagen_1138.jpeg,1,train/imagen_1138.jpeg
imagen_1139.jpg,0,train/imagen_1139.jpg
imagen_1140.jpeg,1,train/imagen_1140.jpeg
imagen_1141.jpg,0,train/imagen_1141.jpg
imagen_1142.jpeg,1,train/imagen_1142.jpeg
imagen_1143.jpeg,1,train/imagen_1143.jpeg
imagen_1144.jpeg,1,train/imagen_1144.jpeg
imagen_1145.jpeg,1,train/imagen_1145.jpeg
imagen_1146.jpg,0,train/imagen_1146.jpg
imagen_1147.jpg,0,train/imagen_1147.jpg
imagen_1148.jpg,0,train/imagen_1148.jpg
imagen_1149.jpg,0,train/imagen_1149.jpg
imagen_1150.jpg,0,train/imagen_1150.jpg
imagen_1151.jpg,0,train/imagen_1151.jpg
imagen_1152.jpeg,1,train/imagen_1152.jpeg
imagen_1153.jpeg,1,train/imagen_1153.jpeg
imagen_1154.jpg,0,train/imagen_1154.jpg
imagen_1155.jpeg,1,train/imagen_1155.jpeg
imagen_1156.jpeg,1,train/imagen_1156.jpeg
imagen_1157.jpeg,1,train/imagen_1157.jpeg
imagen_1158.jpg,0,train/imagen_1158.jpg
imagen_1159.jpg,0,train/imagen_1159.jpg
imagen_1160.jpg,0,train/imagen_1160.jpg
imagen_1161.jpeg,1,train/imagen_1161.jpeg
imagen_1162.jpeg,1,train/imagen_1162.jpeg
imagen_1163.jpg,0,train/imagen_1163.jpg
imagen_1164.jpeg,1,train/imagen_1164.jpeg
imagen_1165.jpeg,1,train/imagen_1165.jpeg
imagen_1166.jpeg,1,train/imagen_1166.jpeg
imagen_1167.jpg,0,train/imagen_1167.jpg
imagen_1168.jpg,0,train/imagen_1168.jpg
imagen_1169.jpeg,1,train/imagen_1169.jpeg
imagen_1170.jpeg,1,train/imagen_1170.jpeg
imagen_1171.jpg,0,train/imagen_1171.jpg
imagen_1172.jpg,0,train/imagen_1172.jpg
imagen_1173.jpg,0,train/imagen_1173.jpg
imagen_1174.jpeg,1,train/imagen_1174.jpeg
imagen_1175.jpeg,1,train/imagen_1175.jpeg
imagen_1176.jpg,0,train/imagen_1176.jpg
imagen_1177.jpg,1,train/imagen_1177.jpg
imagen_1178.jpeg,1,train/imagen_1178.jpeg
imagen_1179.jpg,0,train/imagen_1179.jpg
imagen_1180.jpg,0,train/imagen_1180.jpg
imagen_1181.jpg,0,train/imagen_1181.jpg
imagen_1182.jpg,0,train/imagen_1182.jpg
imagen_1183.jpg,0,train/imagen_1183.jpg
imagen_1184.jpeg,1,train/imagen_1184.jpeg
imagen_1185.jpeg,1,train/imagen_1185.jpeg
imagen_1186.jpg,0,train/imagen_1186.jpg
imagen_1187.jpg,0,train/imagen_1187.jpg
imagen_1188.jpeg,1,train/imagen_1188.jpeg
imagen_1189.jpeg,1,train/imagen_1189.jpeg
imagen_1190.jpg,0,train/imagen_1190.jpg
imagen_1191.jpeg,1,train/imagen_1191.jpeg
imagen_1192.jpeg,1,train/imagen_1192.jpeg
imagen_1193.jpg,0,train/imagen_1193.jpg
imagen_1194.jpeg,1,train/imagen_1194.jpeg
imagen_1195.jpg,0,train/imagen_1195.jpg
imagen_1196.jpeg,1,train/imagen_1196.jpeg
imagen_1197.jpeg,1,train/imagen_1197.jpeg
imagen_1198.jpg,0,train/imagen_1198.jpg
imagen_1199.jpg,0,train/imagen_1199.jpg
imagen_1200.jpeg,1,train/imagen_1200.jpeg
imagen_1201.jpg,0,train/imagen_1201.jpg
imagen_1202.jpg,0,train/imagen_1202.jpg
imagen_1203.jpg,0,train/imagen_1203.jpg
imagen_1204.jpeg,1,train/imagen_1204.jpeg
imagen_1205.jpeg,1,train/imagen_1205.jpeg
imagen_1206.jpeg,1,train/imagen_1206.jpeg
imagen_1207.jpeg,1,train/imagen_1207.jpeg
imagen_1208.jpg,0,train/imagen_1208.jpg
imagen_1209.jpg,0,train/imagen_1209.jpg
imagen_1210.jpeg,1,train/imagen_1210.jpeg
imagen_1211.jpeg,1,train/imagen_1211.jpeg
imagen_1212.jpg,0,train/imagen_1212.jpg
imagen_1213.jpeg,1,train/imagen_1213.jpeg
imagen_1214.jpg,0,train/imagen_1214.jpg
imagen_1215.jpeg,1,train/imagen_1215.jpeg
imagen_1216.jpg,0,train/imagen_1216.jpg
imagen_1217.jpeg,1,train/imagen_1217.jpeg
imagen_1218.jpg,0,train/imagen_1218.jpg
imagen_1219.jpg,0,train/imagen_1219.jpg
imagen_1220.jpeg,1,train/imagen_1220.jpeg
imagen_1221.jpeg,1,train/imagen_1221.jpeg
imagen_1222.jpeg,1,train/imagen_1222.jpeg
imagen_1223.jpg,0,train/imagen_1223.jpg
imagen_1224.jpg,0,train/imagen_1224.jpg
imagen_1225.jpeg,1,train/imagen_1225.jpeg
imagen_1226.jpeg,1,train/imagen_1226.jpeg
imagen_1227.jpeg,1,train/imagen_1227.jpeg
imagen_1228.jpeg,1,train/imagen_1228.jpeg
imagen_1229.jpg,0,train/imagen_1229.jpg
imagen_1230.jpg,0,train/imagen_1230.jpg
imagen_1231.jpg,0,train/imagen_1231.jpg
imagen_1232.jpg,0,train/imagen_1232.jpg
imagen_1233.jpeg,1,train/imagen_1233.jpeg
imagen_1234.jpg,0,train/imagen_1234.jpg
imagen_1235.jpeg,1,train/imagen_1235.jpeg
imagen_1236.jpg,0,train/imagen_1236.jpg
imagen_1237.jpeg,1,train/imagen_1237.jpeg
imagen_1238.jpeg,1,train/imagen_1238.jpeg
imagen_1239.jpg,0,train/imagen_1239.jpg
imagen_1240.jpg,0,train/imagen_1240.jpg
imagen_1241.jpg,0,train/imagen_1241.jpg
imagen_1242.jpeg,1,train/imagen_1242.jpeg
imagen_1243.jpeg,1,train/imagen_1243.jpeg
imagen_1244.jpg,0,train/imagen_1244.jpg
imagen_1245.jpg,0,train/imagen_1245.jpg
imagen_1246.jpeg,1,train/imagen_1246.jpeg
imagen_1247.jpg,0,train/imagen_1247.jpg
imagen_1248.jpeg,1,train/imagen_1248.jpeg
imagen_1249.jpeg,1,train/imagen_1249.jpeg
imagen_1250.jpeg,1,train/imagen_1250.jpeg
imagen_1251.jpeg,1,train/imagen_1251.jpeg
imagen_1252.jpeg,1,train/imagen_1252.jpeg
imagen_1253.jpeg,1,train/imagen_1253.jpeg
imagen_1254.jpg,0,train/imagen_1254.jpg
imagen_1255.jpg,0,train/imagen_1255.jpg
imagen_1256.jpeg,1,train/imagen_1256.jpeg
imagen_1257.jpg,0,train/imagen_1257.jpg
imagen_1258.jpg,0,train/imagen_1258.jpg
imagen_1259.jpg,0,train/imagen_1259.jpg
imagen_1260.jpg,0,train/imagen_1260.jpg
imagen_1261.jpg,0,train/imagen_1261.jpg
imagen_1262.jpg,0,train/imagen_1262.jpg
imagen_1263.jpg,0,train/imagen_1263.jpg
imagen_1264.jpg,0,train/imagen_1264.jpg
imagen_1265.jpeg,1,train/imagen_1265.jpeg
imagen_1266.jpg,0,train/imagen_1266.jpg
imagen_1267.jpeg,1,train/imagen_1267.jpeg
imagen_1268.jpg,0,train/imagen_1268.jpg
imagen_1269.jpg,0,train/imagen_1269.jpg
imagen_1270.jpeg,1,train/imagen_1270.jpeg
imagen_1271.jpg,0,train/imagen_1271.jpg
imagen_1272.jpg,0,train/imagen_1272.jpg
imagen_1273.jpg,0,train/imagen_1273.jpg
imagen_1274.jpeg,1,train/imagen_1274.jpeg
imagen_1275.jpeg,1,train/imagen_1275.jpeg
imagen_1276.jpg,0,train/imagen_1276.jpg
imagen_1277.jpeg,1,train/imagen_1277.jpeg
imagen_1278.jpg,0,train/imagen_1278.jpg
imagen_1279.jpg,0,train/imagen_1279.jpg
imagen_1280.jpg,0,train/imagen_1280.jpg
imagen_1281.jpeg,1,train/imagen_1281.jpeg
imagen_1282.jpg,0,train/imagen_1282.jpg
imagen_1283.jpeg,1,train/imagen_1283.jpeg
imagen_1284.jpeg,1,train/imagen_1284.jpeg
imagen_1285.jpg,0,train/imagen_1285.jpg
imagen_1286.jpg,0,train/imagen_1286.jpg
imagen_1287.jpeg,1,train/imagen_1287.jpeg
imagen_1288.jpeg,1,train/imagen_1288.jpeg
imagen_1289.jpeg,1,train/imagen_1289.jpeg
imagen_1290.jpeg,1,train/imagen_1290.jpeg
imagen_1291.jpg,0,train/imagen_1291.jpg
imagen_1292.jpg,0,train/imagen_1292.jpg
imagen_1293.jpeg,1,train/imagen_1293.jpeg
imagen_1294.jpeg,1,train/imagen_1294.jpeg
imagen_1295.jpg,0,train/imagen_1295.jpg
imagen_1296.jpg,0,train/imagen_1296.jpg
imagen_1297.jpeg,1,train/imagen_1297.jpeg
imagen_1298.jpeg,1,train/imagen_1298.jpeg
imagen_1299.jpeg,1,train/imagen_1299.jpeg
imagen_1300.jpg,0,train/imagen_1300.jpg
imagen_1301.jpeg,1,train/imagen_1301.jpeg
imagen_1302.jpg,0,train/imagen_1302.jpg
imagen_1303.jpg,0,train/imagen_1303.jpg
imagen_1304.jpeg,1,train/imagen_1304.jpeg
imagen_1305.jpeg,1,train/imagen_1305.jpeg
imagen_1306.jpg,0,train/imagen_1306.jpg
imagen_1307.jpeg,1,train/imagen_1307.jpeg
imagen_1308.jpg,0,train/imagen_1308.jpg
imagen_1309.jpg,0,train/imagen_1309.jpg
imagen_1310.jpg,0,train/imagen_1310.jpg
imagen_1311.jpg,0,train/imagen_1311.jpg
imagen_1312.jpg,0,train/imagen_1312.jpg
imagen_1313.jpeg,1,train/imagen_1313.jpeg
imagen_1314.jpg,1,train/imagen_1314.jpg
imagen_1315.jpg,0,train/imagen_1315.jpg
imagen_1316.jpeg,1,train/imagen_1316.jpeg
imagen_1317.jpeg,1,train/imagen_1317.jpeg
imagen_1318.jpeg,1,train/imagen_1318.jpeg
imagen_1319.jpeg,1,train/imagen_1319.jpeg
imagen_1320.jpg,0,train/imagen_1320.jpg
imagen_1321.jpeg,1,train/imagen_1321.jpeg
imagen_1322.jpeg,1,train/imagen_1322.jpeg
imagen_1323.jpeg,1,train/imagen_1323.jpeg
imagen_1324.jpeg,1,train/imagen_1324.jpeg
imagen_1325.jpg,0,train/imagen_1325.jpg
imagen_1326.jpg,0,train/imagen_1326.jpg
imagen_1327.jpg,0,train/imagen_1327.jpg
imagen_1328.jpeg,1,train/imagen_1328.jpeg
imagen_1329.jpg,0,train/imagen_1329.jpg
imagen_1330.jpeg,1,train/imagen_1330.jpeg
imagen_1331.jpg,0,train/imagen_1331.jpg
imagen_1332.jpg,0,train/imagen_1332.jpg
imagen_1333.jpg,0,train/imagen_1333.jpg
imagen_1334.jpg,0,train/imagen_1334.jpg
imagen_1335.jpeg,1,train/imagen_1335.jpeg
imagen_1336.jpg,0,train/imagen_1336.jpg
imagen_1337.jpg,0,train/imagen_1337.jpg
imagen_1338.jpg,0,train/imagen_1338.jpg
imagen_1339.jpeg,1,train/imagen_1339.jpeg
imagen_1340.jpeg,1,train/imagen_1340.jpeg
imagen_1341.jpeg,1,train/imagen_1341.jpeg
imagen_1342.jpeg,1,train/imagen_1342.jpeg
imagen_1343.jpg,0,train/imagen_1343.jpg
imagen_1344.jpeg,1,train/imagen_1344.jpeg
imagen_1345.jpeg,1,train/imagen_1345.jpeg
imagen_1346.jpg,0,train/imagen_1346.jpg
imagen_1347.jpg,0,train/imagen_1347.jpg
imagen_1348.jpg,0,train/imagen_1348.jpg
imagen_1349.jpeg,1,train/imagen_1349.jpeg
imagen_1350.jpg,1,train/imagen_1350.jpg
imagen_1351.jpg,0,train/imagen_1351.jpg
imagen_1352.jpeg,1,train/imagen_1352.jpeg
imagen_1353.jpeg,1,train/imagen_1353.jpeg
imagen_1354.jpeg,1,train/imagen_1354.jpeg
imagen_1355.jpg,0,train/imagen_1355.jpg
imagen_1356.jpg,0,train/imagen_1356.jpg
imagen_1357.jpg,0,train/imagen_1357.jpg
imagen_1358.jpeg,1,train/imagen_1358.jpeg
imagen_1359.jpg,0,train/imagen_1359.jpg
imagen_1360.jpg,0,train/imagen_1360.jpg
imagen_1361.jpg,0,train/imagen_1361.jpg
imagen_1362.jpeg,1,train/imagen_1362.jpeg
imagen_1363.jpg,0,train/imagen_1363.jpg
imagen_1364.jpg,0,train/imagen_1364.jpg
imagen_1365.jpg,0,train/imagen_1365.jpg
imagen_1366.jpg,0,train/imagen_1366.jpg
imagen_1367.jpeg,1,train/imagen_1367.jpeg
imagen_1368.jpg,0,train/imagen_1368.jpg
imagen_1369.jpeg,1,train/imagen_1369.jpeg
imagen_1370.jpeg,1,train/imagen_1370.jpeg
imagen_1371.jpg,0,train/imagen_1371.jpg
imagen_1372.jpeg,1,train/imagen_1372.jpeg
imagen_1373.jpg,0,train/imagen_1373.jpg
imagen_1374.jpeg,1,train/imagen_1374.jpeg
imagen_1375.jpg,0,train/imagen_1375.jpg
imagen_1376.jpg,0,train/imagen_1376.jpg
imagen_1377.jpg,0,train/imagen_1377.jpg
imagen_1378.jpg,0,train/imagen_1378.jpg
imagen_1379.jpeg,1,train/imagen_1379.jpeg
imagen_1380.jpeg,1,train/imagen_1380.jpeg
imagen_1381.jpg,0,train/imagen_1381.jpg
imagen_1382.jpeg,1,train/imagen_1382.jpeg
imagen_1383.jpeg,1,train/imagen_1383.jpeg
imagen_1384.jpg,0,train/imagen_1384.jpg
imagen_1385.jpg,0,train/imagen_1385.jpg
imagen_1386.jpeg,1,train/imagen_1386.jpeg
imagen_1387.jpeg,1,train/imagen_1387.jpeg
imagen_1388.jpeg,1,train/imagen_1388.jpeg
imagen_1389.jpeg,1,train/imagen_1389.jpeg
imagen_1390.jpg,0,train/imagen_1390.jpg
imagen_1391.jpg,0,train/imagen_1391.jpg
imagen_1392.jpg,0,train/imagen_1392.jpg
imagen_1393.jpg,0,train/imagen_1393.jpg
imagen_1394.jpeg,1,train/imagen_1394.jpeg
imagen_1395.jpeg,1,train/imagen_1395.jpeg
imagen_1396.jpg,0,train/imagen_1396.jpg
imagen_1397.jpg,0,train/imagen_1397.jpg
imagen_1398.jpeg,1,train/imagen_1398.jpeg
imagen_1399.jpeg,1,train/imagen_1399.jpeg
imagen_1400.jpg,0,train/imagen_1400.jpg
imagen_1401.jpeg,1,train/imagen_1401.jpeg
imagen_1402.jpg,0,train/imagen_1402.jpg
imagen_1403.jpg,0,train/imagen_1403.jpg
imagen_1404.jpg,0,train/imagen_1404.jpg
imagen_1405.jpg,0,train/imagen_1405.jpg
imagen_1406.jpg,0,train/imagen_1406.jpg
imagen_1407.jpeg,1,train/imagen_1407.jpeg
imagen_1408.jpeg,1,train/imagen_1408.jpeg
imagen_1409.jpeg,1,train/imagen_1409.jpeg
imagen_1410.jpeg,1,train/imagen_1410.jpeg
imagen_1411.jpeg,1,train/imagen_1411.jpeg
imagen_1412.jpeg,1,train/imagen_1412.jpeg
imagen_1413.jpg,0,train/imagen_1413.jpg
imagen_1414.jpg,0,train/imagen_1414.jpg
imagen_1415.jpg,0,train/imagen_1415.jpg
imagen_1416.jpeg,1,train/imagen_1416.jpeg
imagen_1417.jpg,0,train/imagen_1417.jpg
imagen_1418.jpg,0,train/imagen_1418.jpg
imagen_1419.jpeg,1,train/imagen_1419.jpeg
imagen_1420.jpg,0,train/imagen_1420.jpg
imagen_1421.jpeg,1,train/imagen_1421.jpeg
imagen_1422.jpeg,1,train/imagen_1422.jpeg
imagen_1423.jpg,0,train/imagen_1423.jpg
imagen_1424.jpeg,1,train/imagen_1424.jpeg
imagen_1425.jpeg,1,train/imagen_1425.jpeg
imagen_1426.jpg,0,train/imagen_1426.jpg
imagen_1427.jpg,0,train/imagen_1427.jpg
imagen_1428.jpeg,1,train/imagen_1428.jpeg
imagen_1429.jpg,0,train/imagen_1429.jpg
imagen_1430.jpeg,1,train/imagen_1430.jpeg
imagen_1431.jpeg,1,train/imagen_1431.jpeg
imagen_1432.jpeg,1,train/imagen_1432.jpeg
imagen_1433.jpg,0,train/imagen_1433.jpg
imagen_1434.jpeg,1,train/imagen_1434.jpeg
imagen_1435.jpg,0,train/imagen_1435.jpg
imagen_1436.jpg,0,train/imagen_1436.jpg
imagen_1437.jpg,0,train/imagen_1437.jpg
imagen_1438.jpg,0,train/imagen_1438.jpg
imagen_1439.jpeg,1,train/imagen_1439.jpeg
imagen_1440.jpg,0,train/imagen_1440.jpg
imagen_1441.jpeg,1,train/imagen_1441.jpeg
imagen_1442.jpg,0,train/imagen_1442.jpg
imagen_1443.jpg,0,train/imagen_1443.jpg
imagen_1444.jpg,0,train/imagen_1444.jpg
imagen_1445.jpeg,1,train/imagen_1445.jpeg
imagen_1446.jpg,0,train/imagen_1446.jpg
imagen_1447.jpg,0,train/imagen_1447.jpg
imagen_1448.jpg,0,train/imagen_1448.jpg
imagen_1449.jpg,0,train/imagen_1449.jpg
imagen_1450.jpg,0,train/imagen_1450.jpg
imagen_1451.jpg,1,train/imagen_1451.jpg
imagen_1452.jpeg,1,train/imagen_1452.jpeg
imagen_1453.jpg,0,train/imagen_1453.jpg
imagen_1454.jpeg,1,train/imagen_1454.jpeg
imagen_1455.jpeg,1,train/imagen_1455.jpeg
imagen_1456.jpeg,1,train/imagen_1456.jpeg
imagen_1457.jpeg,1,train/imagen_1457.jpeg
imagen_1458.jpg,0,train/imagen_1458.jpg
imagen_1459.jpeg,1,train/imagen_1459.jpeg
imagen_1460.jpeg,1,train/imagen_1460.jpeg
imagen_1461.jpeg,1,train/imagen_1461.jpeg
imagen_1462.jpeg,1,train/imagen_1462.jpeg
imagen_1463.jpeg,1,train/imagen_1463.jpeg
imagen_1464.jpg,0,train/imagen_1464.jpg
imagen_1465.jpg,0,train/imagen_1465.jpg
imagen_1466.jpg,0,train/imagen_1466.jpg
imagen_1467.jpeg,1,train/imagen_1467.jpeg
imagen_1468.jpg,0,train/imagen_1468.jpg
imagen_1469.jpg,0,train/imagen_1469.jpg
imagen_1470.jpeg,1,train/imagen_1470.jpeg
imagen_1471.jpeg,1,train/imagen_1471.jpeg
imagen_1472.jpeg,1,train/imagen_1472.jpeg
imagen_1473.jpeg,1,train/imagen_1473.jpeg
imagen_1474.jpg,0,train/imagen_1474.jpg
imagen_1475.jpg,0,train/imagen_1475.jpg
imagen_1476.jpg,0,train/imagen_1476.jpg
imagen_1477.jpeg,1,train/imagen_1477.jpeg
imagen_1478.jpg,0,train/imagen_1478.jpg
imagen_1479.jpeg,1,train/imagen_1479.jpeg
imagen_1480.jpeg,1,train/imagen_1480.jpeg
imagen_1481.jpg,0,train/imagen_1481.jpg
imagen_1482.jpg,0,train/imagen_1482.jpg
imagen_1483.jpg,0,train/imagen_1483.jpg
imagen_1484.jpg,0,train/imagen_1484.jpg
imagen_1485.jpg,0,train/imagen_1485.jpg
imagen_1486.jpg,0,train/imagen_1486.jpg
imagen_1487.jpg,0,train/imagen_1487.jpg
imagen_1488.jpg,0,train/imagen_1488.jpg
imagen_1489.jpeg,1,train/imagen_1489.jpeg
imagen_1490.jpeg,1,train/imagen_1490.jpeg
imagen_1491.jpg,0,train/imagen_1491.jpg
imagen_1492.jpg,0,train/imagen_1492.jpg
imagen_1493.jpeg,1,train/imagen_1493.jpeg
imagen_1494.jpg,0,train/imagen_1494.jpg
imagen_1495.jpg,0,train/imagen_1495.jpg
imagen_1496.jpeg,1,train/imagen_1496.jpeg
imagen_1497.jpg,0,train/imagen_1497.jpg
imagen_1498.jpg,0,train/imagen_1498.jpg
imagen_1499.jpeg,1,train/imagen_1499.jpeg
imagen_1500.jpg,0,train/imagen_1500.jpg
imagen_1501.jpeg,1,train/imagen_1501.jpeg
imagen_1502.jpeg,1,train/imagen_1502.jpeg
imagen_1503.jpg,0,train/imagen_1503.jpg
imagen_1504.jpeg,1,train/imagen_1504.jpeg
imagen_1505.jpeg,1,train/imagen_1505.jpeg
imagen_1506.jpeg,1,train/imagen_1506.jpeg
imagen_1507.jpeg,1,train/imagen_1507.jpeg
imagen_1508.jpg,0,train/imagen_1508.jpg
imagen_1509.jpg,0,train/imagen_1509.jpg
imagen_1510.jpeg,1,train/imagen_1510.jpeg
imagen_1511.jpeg,1,train/imagen_1511.jpeg
imagen_1512.jpeg,1,train/imagen_1512.jpeg
imagen_1513.jpeg,1,train/imagen_1513.jpeg
imagen_1514.jpeg,1,train/imagen_1514.jpeg
imagen_1515.jpeg,1,train/imagen_1515.jpeg
imagen_1516.jpeg,1,train/imagen_1516.jpeg
imagen_1517.jpg,0,train/imagen_1517.jpg
imagen_1518.jpeg,1,train/imagen_1518.jpeg
imagen_1519.jpg,0,train/imagen_1519.jpg
imagen_1520.jpg,0,train/imagen_1520.jpg
imagen_1521.jpeg,1,train/imagen_1521.jpeg
imagen_1522.jpg,0,train/imagen_1522.jpg
imagen_1523.jpeg,1,train/imagen_1523.jpeg
imagen_1524.jpg,0,train/imagen_1524.jpg
imagen_1525.jpeg,1,train/imagen_1525.jpeg
imagen_1526.jpg,0,train/imagen_1526.jpg
imagen_1527.jpeg,1,train/imagen_1527.jpeg
imagen_1528.jpeg,1,train/imagen_1528.jpeg
imagen_1529.jpeg,1,train/imagen_1529.jpeg
imagen_1530.jpg,0,train/imagen_1530.jpg
imagen_1531.jpg,0,train/imagen_1531.jpg
imagen_1532.jpeg,1,train/imagen_1532.jpeg
imagen_1533.jpg,0,train/imagen_1533.jpg
imagen_1534.jpg,0,train/imagen_1534.jpg
imagen_1535.jpg,0,train/imagen_1535.jpg
imagen_1536.jpg,0,train/imagen_1536.jpg
imagen_1537.jpg,0,train/imagen_1537.jpg
imagen_1538.jpg,0,train/imagen_1538.jpg
imagen_1539.jpg,0,train/imagen_1539.jpg
imagen_1540.jpg,0,train/imagen_1540.jpg
imagen_1541.jpeg,1,train/imagen_1541.jpeg
imagen_1542.jpg,0,train/imagen_1542.jpg
imagen_1543.jpeg,1,train/imagen_1543.jpeg
imagen_1544.jpeg,1,train/imagen_1544.jpeg
imagen_1545.jpg,0,train/imagen_1545.jpg
imagen_1546.jpeg,1,train/imagen_1546.jpeg
imagen_1547.jpeg,1,train/imagen_1547.jpeg
imagen_1548.jpeg,1,train/imagen_1548.jpeg
imagen_1549.jpg,0,train/imagen_1549.jpg
imagen_1550.jpg,0,train/imagen_1550.jpg
imagen_1551.jpeg,1,train/imagen_1551.jpeg
imagen_1552.jpeg,1,train/imagen_1552.jpeg
imagen_1553.jpeg,1,train/imagen_1553.jpeg
imagen_1554.jpg,0,train/imagen_1554.jpg
imagen_1555.jpeg,1,train/imagen_1555.jpeg
imagen_1556.jpg,0,train/imagen_1556.jpg
imagen_1557.jpg,0,train/imagen_1557.jpg
imagen_1558.jpeg,1,train/imagen_1558.jpeg
imagen_1559.jpeg,1,train/imagen_1559.jpeg
imagen_1560.jpeg,1,train/imagen_1560.jpeg
imagen_1561.jpeg,1,train/imagen_1561.jpeg
imagen_1562.jpg,0,train/imagen_1562.jpg
imagen_1563.jpg,0,train/imagen_1563.jpg
imagen_1564.jpg,0,train/imagen_1564.jpg
imagen_1565.jpeg,1,train/imagen_1565.jpeg
imagen_1566.jpeg,1,train/imagen_1566.jpeg
imagen_1567.jpeg,1,train/imagen_1567.jpeg
imagen_1568.jpeg,1,train/imagen_1568.jpeg
imagen_1569.jpeg,1,train/imagen_1569.jpeg
imagen_1570.jpeg,1,train/imagen_1570.jpeg
imagen_1571.jpeg,1,train/imagen_1571.jpeg
imagen_1572.jpg,0,train/imagen_1572.jpg
imagen_1573.jpg,0,train/imagen_1573.jpg
imagen_1574.jpeg,1,train/imagen_1574.jpeg
imagen_1575.jpeg,1,train/imagen_1575.jpeg
imagen_1576.jpg,0,train/imagen_1576.jpg
imagen_1577.jpg,0,train/imagen_1577.jpg
imagen_1578.jpg,0,train/imagen_1578.jpg
imagen_1579.jpeg,1,train/imagen_1579.jpeg
imagen_1580.jpeg,1,train/imagen_1580.jpeg
imagen_1581.jpeg,1,train/imagen_1581.jpeg
imagen_1582.jpeg,1,train/imagen_1582.jpeg
imagen_1583.jpeg,1,train/imagen_1583.jpeg
imagen_1584.jpg,0,train/imagen_1584.jpg
imagen_1585.jpg,0,train/imagen_1585.jpg
imagen_1586.jpeg,1,train/imagen_1586.jpeg
imagen_1587.jpg,0,train/imagen_1587.jpg
imagen_1588.jpg,0,train/imagen_1588.jpg
imagen_1589.jpeg,1,train/imagen_1589.jpeg
imagen_1590.jpeg,1,train/imagen_1590.jpeg
imagen_1591.jpg,0,train/imagen_1591.jpg
imagen_1592.jpeg,1,train/imagen_1592.jpeg
imagen_1593.jpg,0,train/imagen_1593.jpg
imagen_1594.jpeg,1,train/imagen_1594.jpeg
imagen_1595.jpg,0,train/imagen_1595.jpg
imagen_1596.jpeg,1,train/imagen_1596.jpeg
imagen_1597.jpeg,1,train/imagen_1597.jpeg
imagen_1598.jpg,0,train/imagen_1598.jpg
imagen_1599.jpg,0,train/imagen_1599.jpg
imagen_1600.jpg,0,train/imagen_1600.jpg
imagen_1601.jpg,0,train/imagen_1601.jpg
imagen_1602.jpg,0,train/imagen_1602.jpg
imagen_1603.jpg,0,train/imagen_1603.jpg
imagen_1604.jpg,0,train/imagen_1604.jpg
imagen_1605.jpeg,1,train/imagen_1605.jpeg
imagen_1606.jpeg,1,train/imagen_1606.jpeg
imagen_1607.jpeg,1,train/imagen_1607.jpeg
imagen_1608.jpeg,1,train/imagen_1608.jpeg
imagen_1609.jpg,0,train/imagen_1609.jpg
imagen_1610.jpeg,1,train/imagen_1610.jpeg
imagen_1611.jpg,0,train/imagen_1611.jpg
imagen_1612.jpg,0,train/imagen_1612.jpg
imagen_1613.jpeg,1,train/imagen_1613.jpeg
imagen_1614.jpeg,1,train/imagen_1614.jpeg
imagen_1615.jpg,0,train/imagen_1615.jpg
imagen_1616.jpeg,1,train/imagen_1616.jpeg
imagen_1617.jpg,0,train/imagen_1617.jpg
imagen_1618.jpeg,1,train/imagen_1618.jpeg
imagen_1619.jpg,0,train/imagen_1619.jpg
imagen_1620.jpg,0,train/imagen_1620.jpg
imagen_1621.jpg,0,train/imagen_1621.jpg
imagen_1622.jpg,0,train/imagen_1622.jpg
imagen_1623.jpg,0,train/imagen_1623.jpg
imagen_1624.jpeg,1,train/imagen_1624.jpeg
imagen_1625.jpeg,1,train/imagen_1625.jpeg
imagen_1626.jpeg,1,train/imagen_1626.jpeg
imagen_1627.jpeg,1,train/imagen_1627.jpeg
imagen_1628.jpg,0,train/imagen_1628.jpg
imagen_1629.jpg,0,train/imagen_1629.jpg
imagen_1630.jpg,0,train/imagen_1630.jpg
imagen_1631.jpeg,1,train/imagen_1631.jpeg
imagen_1632.jpeg,1,train/imagen_1632.jpeg
imagen_1633.jpg,0,train/imagen_1633.jpg
imagen_1634.jpg,0,train/imagen_1634.jpg
imagen_1635.jpg,0,train/imagen_1635.jpg
imagen_1636.jpg,0,train/imagen_1636.jpg
imagen_1637.jpeg,1,train/imagen_1637.jpeg
imagen_1638.jpg,0,train/imagen_1638.jpg
imagen_1639.jpg,0,train/imagen_1639.jpg
imagen_1640.jpeg,1,train/imagen_1640.jpeg
imagen_1641.jpg,0,train/imagen_1641.jpg
imagen_1642.jpg,0,train/imagen_1642.jpg
imagen_1643.jpeg,1,train/imagen_1643.jpeg
imagen_1644.jpg,0,train/imagen_1644.jpg
imagen_1645.jpeg,1,train/imagen_1645.jpeg
imagen_1646.jpg,0,train/imagen_1646.jpg
imagen_1647.jpg,0,train/imagen_1647.jpg
imagen_1648.jpeg,1,train/imagen_1648.jpeg
imagen_1649.jpg,1,train/imagen_1649.jpg
imagen_1650.jpeg,1,train/imagen_1650.jpeg
imagen_1651.jpeg,1,train/imagen_1651.jpeg
imagen_1652.jpg,0,train/imagen_1652.jpg
imagen_1653.jpg,0,train/imagen_1653.jpg
imagen_1654.jpeg,1,train/imagen_1654.jpeg
imagen_1655.jpg,0,train/imagen_1655.jpg
imagen_1656.jpg,0,train/imagen_1656.jpg
imagen_1657.jpg,0,train/imagen_1657.jpg
imagen_1658.jpeg,1,train/imagen_1658.jpeg
imagen_1659.jpeg,1,train/imagen_1659.jpeg
imagen_1660.jpeg,1,train/imagen_1660.jpeg
imagen_1661.jpeg,1,train/imagen_1661.jpeg
imagen_1662.jpeg,1,train/imagen_1662.jpeg
imagen_1663.jpg,0,train/imagen_1663.jpg
imagen_1664.jpeg,1,train/imagen_1664.jpeg
imagen_1665.jpeg,1,train/imagen_1665.jpeg
imagen_1666.jpg,0,train/imagen_1666.jpg
imagen_1667.jpeg,1,train/imagen_1667.jpeg
imagen_1668.jpg,0,train/imagen_1668.jpg
imagen_1669.jpg,0,train/imagen_1669.jpg
imagen_1670.jpeg,1,train/imagen_1670.jpeg
imagen_1671.jpg,0,train/imagen_1671.jpg
imagen_1672.jpeg,1,train/imagen_1672.jpeg
imagen_1673.jpg,0,train/imagen_1673.jpg
imagen_1674.jpeg,1,train/imagen_1674.jpeg
imagen_1675.jpg,0,train/imagen_1675.jpg
imagen_1676.jpg,0,train/imagen_1676.jpg
imagen_1677.jpeg,1,train/imagen_1677.jpeg
imagen_1678.jpeg,1,train/imagen_1678.jpeg
imagen_1679.jpeg,1,train/imagen_1679.jpeg
imagen_1680.jpeg,1,train/imagen_1680.jpeg
imagen_1681.jpeg,1,train/imagen_1681.jpeg
imagen_1682.jpg,0,train/imagen_1682.jpg
imagen_1683.jpg,0,train/imagen_1683.jpg
imagen_1684.jpeg,1,train/imagen_1684.jpeg
imagen_1685.jpeg,1,train/imagen_1685.jpeg
imagen_1686.jpeg,1,train/imagen_1686.jpeg
imagen_1687.jpg,0,train/imagen_1687.jpg
imagen_1688.jpeg,1,train/imagen_1688.jpeg
imagen_1689.jpeg,1,train/imagen_1689.jpeg
imagen_1690.jpg,0,train/imagen_1690.jpg
imagen_1691.jpeg,1,train/imagen_1691.jpeg
imagen_1692.jpeg,1,train/imagen_1692.jpeg
imagen_1693.jpg,0,train/imagen_1693.jpg
imagen_1694.jpg,0,train/imagen_1694.jpg
imagen_1695.jpg,0,train/imagen_1695.jpg
imagen_1696.jpg,0,train/imagen_1696.jpg
imagen_1697.jpg,0,train/imagen_1697.jpg
imagen_1698.jpeg,1,train/imagen_1698.jpeg
imagen_1699.jpeg,1,train/imagen_1699.jpeg
imagen_1700.jpeg,1,train/imagen_1700.jpeg
imagen_1701.jpeg,1,train/imagen_1701.jpeg
imagen_1702.jpeg,1,train/imagen_1702.jpeg
imagen_1703.jpg,0,train/imagen_1703.jpg
imagen_1704.jpg,0,train/imagen_1704.jpg
imagen_1705.jpg,0,train/imagen_1705.jpg
imagen_1706.jpg,0,train/imagen_1706.jpg
imagen_1707.jpg,0,train/imagen_1707.jpg
imagen_1708.jpeg,1,train/imagen_1708.jpeg
imagen_1709.jpg,0,train/imagen_1709.jpg
imagen_1710.jpg,0,train/imagen_1710.jpg
imagen_1711.jpeg,1,train/imagen_1711.jpeg
imagen_1712.jpeg,1,train/imagen_1712.jpeg
imagen_1713.jpg,0,train/imagen_1713.jpg
imagen_1714.jpeg,1,train/imagen_1714.jpeg
imagen_1715.jpeg,1,train/imagen_1715.jpeg
imagen_1716.jpg,0,train/imagen_1716.jpg
imagen_1717.jpg,0,train/imagen_1717.jpg
imagen_1718.jpg,0,train/imagen_1718.jpg
imagen_1719.jpg,0,train/imagen_1719.jpg
imagen_1720.jpeg,1,train/imagen_1720.jpeg
imagen_1721.jpeg,1,train/imagen_1721.jpeg
imagen_1722.jpeg,1,train/imagen_1722.jpeg
imagen_1723.jpeg,1,train/imagen_1723.jpeg
imagen_1724.jpg,0,train/imagen_1724.jpg
imagen_1725.jpeg,1,train/imagen_1725.jpeg
imagen_1726.jpg,0,train/imagen_1726.jpg
imagen_1727.jpg,0,train/imagen_1727.jpg
imagen_1728.jpeg,1,train/imagen_1728.jpeg
imagen_1729.jpeg,1,train/imagen_1729.jpeg
imagen_1730.jpg,0,train/imagen_1730.jpg
imagen_1731.jpeg,1,train/imagen_1731.jpeg
imagen_1732.jpeg,1,train/imagen_1732.jpeg
imagen_1733.jpg,0,train/imagen_1733.jpg
imagen_1734.jpg,0,train/imagen_1734.jpg
imagen_1735.jpg,0,train/imagen_1735.jpg
imagen_1736.jpeg,1,train/imagen_1736.jpeg
imagen_1737.jpg,0,train/imagen_1737.jpg
imagen_1738.jpeg,1,train/imagen_1738.jpeg
imagen_1739.jpeg,1,train/imagen_1739.jpeg
imagen_1740.jpeg,1,train/imagen_1740.jpeg
imagen_1741.jpg,0,train/imagen_1741.jpg
imagen_1742.jpg,0,train/imagen_1742.jpg
imagen_1743.jpg,0,train/imagen_1743.jpg
imagen_1744.jpg,0,train/imagen_1744.jpg
imagen_1745.jpeg,1,train/imagen_1745.jpeg
imagen_1746.jpeg,1,train/imagen_1746.jpeg
imagen_1747.jpeg,1,train/imagen_1747.jpeg
imagen_1748.jpeg,1,train/imagen_1748.jpeg
imagen_1749.jpg,0,train/imagen_1749.jpg
imagen_1750.jpeg,1,train/imagen_1750.jpeg
imagen_1751.jpeg,1,train/imagen_1751.jpeg
imagen_1752.jpg,0,train/imagen_1752.jpg
imagen_1753.jpeg,1,train/imagen_1753.jpeg
imagen_1754.jpeg,1,train/imagen_1754.jpeg
imagen_1755.jpeg,1,train/imagen_1755.jpeg
imagen_1756.jpeg,1,train/imagen_1756.jpeg
imagen_1757.jpeg,1,train/imagen_1757.jpeg
imagen_1758.jpg,0,train/imagen_1758.jpg
imagen_1759.jpeg,1,train/imagen_1759.jpeg
imagen_1760.jpg,0,train/imagen_1760.jpg
imagen_1761.jpeg,1,train/imagen_1761.jpeg
imagen_1762.jpg,0,train/imagen_1762.jpg
imagen_1763.jpg,0,train/imagen_1763.jpg
imagen_1764.jpeg,1,train/imagen_1764.jpeg
imagen_1765.jpg,0,train/imagen_1765.jpg
imagen_1766.jpeg,1,train/imagen_1766.jpeg
imagen_1767.jpg,0,train/imagen_1767.jpg
imagen_1768.jpg,0,train/imagen_1768.jpg
imagen_1769.jpeg,1,train/imagen_1769.jpeg
imagen_1770.jpg,0,train/imagen_1770.jpg
imagen_1771.jpg,0,train/imagen_1771.jpg
imagen_1772.jpg,0,train/imagen_1772.jpg
imagen_1773.jpg,0,train/imagen_1773.jpg
imagen_1774.jpeg,1,train/imagen_1774.jpeg
imagen_1775.jpg,0,train/imagen_1775.jpg
imagen_1776.jpeg,1,train/imagen_1776.jpeg
imagen_1777.jpg,0,train/imagen_1777.jpg
imagen_1778.jpg,0,train/imagen_1778.jpg
imagen_1779.jpeg,1,train/imagen_1779.jpeg
imagen_1780.jpeg,1,train/imagen_1780.jpeg
imagen_1781.jpg,0,train/imagen_1781.jpg
imagen_1782.jpeg,1,train/imagen_1782.jpeg
imagen_1783.jpg,0,train/imagen_1783.jpg
imagen_1784.jpeg,1,train/imagen_1784.jpeg
imagen_1785.jpg,0,train/imagen_1785.jpg
imagen_1786.jpeg,1,train/imagen_1786.jpeg
imagen_1787.jpg,0,train/imagen_1787.jpg
imagen_1788.jpeg,1,train/imagen_1788.jpeg
imagen_1789.jpeg,1,train/imagen_1789.jpeg
imagen_1790.jpg,0,train/imagen_1790.jpg
imagen_1791.jpg,0,train/imagen_1791.jpg
imagen_1792.jpg,0,train/imagen_1792.jpg
imagen_1793.jpeg,1,train/imagen_1793.jpeg
imagen_1794.jpg,0,train/imagen_1794.jpg
imagen_1795.jpeg,1,train/imagen_1795.jpeg
imagen_1796.jpg,0,train/imagen_1796.jpg
imagen_1797.jpg,0,train/imagen_1797.jpg
imagen_1798.jpeg,1,train/imagen_1798.jpeg
imagen_1799.jpg,0,train/imagen_1799.jpg
imagen_1800.jpeg,1,train/imagen_1800.jpeg
imagen_1801.jpeg,1,train/imagen_1801.jpeg
imagen_1802.jpg,0,train/imagen_1802.jpg
imagen_1803.jpeg,1,train/imagen_1803.jpeg
imagen_1804.jpeg,1,train/imagen_1804.jpeg
imagen_1805.jpeg,1,train/imagen_1805.jpeg
imagen_1806.jpg,0,train/imagen_1806.jpg
imagen_1807.jpeg,1,train/imagen_1807.jpeg
imagen_1808.jpg,0,train/imagen_1808.jpg
imagen_1809.jpg,0,train/imagen_1809.jpg
imagen_1810.jpeg,1,train/imagen_1810.jpeg
imagen_1811.jpeg,1,train/imagen_1811.jpeg
imagen_1812.jpg,0,train/imagen_1812.jpg
imagen_1813.jpeg,1,train/imagen_1813.jpeg
imagen_1814.jpg,0,train/imagen_1814.jpg
imagen_1815.jpg,0,train/imagen_1815.jpg
imagen_1816.jpg,0,train/imagen_1816.jpg
imagen_1817.jpeg,1,train/imagen_1817.jpeg
imagen_1818.jpeg,1,train/imagen_1818.jpeg
imagen_1819.jpeg,1,train/imagen_1819.jpeg
imagen_1820.jpg,0,train/imagen_1820.jpg
imagen_1821.jpg,0,train/imagen_1821.jpg
imagen_1822.jpeg,1,train/imagen_1822.jpeg
imagen_1823.jpeg,1,train/imagen_1823.jpeg
imagen_1824.jpg,0,train/imagen_1824.jpg
imagen_1825.jpg,0,train/imagen_1825.jpg
imagen_1826.jpeg,1,train/imagen_1826.jpeg
imagen_1827.jpeg,1,train/imagen_1827.jpeg
imagen_1828.jpeg,1,train/imagen_1828.jpeg
imagen_1829.jpg,0,train/imagen_1829.jpg
imagen_1830.jpg,0,train/imagen_1830.jpg
imagen_1831.jpg,1,train/imagen_1831.jpg
imagen_1832.jpeg,1,train/imagen_1832.jpeg
imagen_1833.jpg,0,train/imagen_1833.jpg
imagen_1834.jpg,0,train/imagen_1834.jpg
imagen_1835.jpg,0,train/imagen_1835.jpg
imagen_1836.jpg,0,train/imagen_1836.jpg
imagen_1837.jpg,0,train/imagen_1837.jpg
imagen_1838.jpg,0,train/imagen_1838.jpg
imagen_1839.jpg,0,train/imagen_1839.jpg
imagen_1840.jpeg,1,train/imagen_1840.jpeg
imagen_1841.jpeg,1,train/imagen_1841.jpeg
imagen_1842.jpeg,1,train/imagen_1842.jpeg
imagen_1843.jpeg,1,train/imagen_1843.jpeg
imagen_1844.jpeg,1,train/imagen_1844.jpeg
imagen_1845.jpg,0,train/imagen_1845.jpg
imagen_1846.jpg,0,train/imagen_1846.jpg
imagen_1847.jpeg,1,train/imagen_1847.jpeg
imagen_1848.jpeg,1,train/imagen_1848.jpeg
imagen_1849.jpg,0,train/imagen_1849.jpg
imagen_1850.jpg,0,train/imagen_1850.jpg
imagen_1851.jpeg,1,train/imagen_1851.jpeg
imagen_1852.jpg,1,train/imagen_1852.jpg
imagen_1853.jpeg,1,train/imagen_1853.jpeg
imagen_1854.jpeg,1,train/imagen_1854.jpeg
imagen_1855.jpg,0,train/imagen_1855.jpg
imagen_1856.jpeg,1,train/imagen_1856.jpeg
imagen_1857.jpeg,1,train/imagen_1857.jpeg
imagen_1858.jpeg,1,train/imagen_1858.jpeg
imagen_1859.jpg,0,train/imagen_1859.jpg
imagen_1860.jpg,0,train/imagen_1860.jpg
imagen_1861.jpeg,1,train/imagen_1861.jpeg
imagen_1862.jpeg,1,train/imagen_1862.jpeg
imagen_1863.jpg,0,train/imagen_1863.jpg
imagen_1864.jpg,0,train/imagen_1864.jpg
imagen_1865.jpeg,1,train/imagen_1865.jpeg
imagen_1866.jpg,0,train/imagen_1866.jpg
imagen_1867.jpeg,1,train/imagen_1867.jpeg
imagen_1868.jpeg,1,train/imagen_1868.jpeg
imagen_1869.jpg,0,train/imagen_1869.jpg
imagen_1870.jpeg,1,train/imagen_1870.jpeg
imagen_1871.jpeg,1,train/imagen_1871.jpeg
imagen_1872.jpeg,1,train/imagen_1872.jpeg
imagen_1873.jpeg,1,train/imagen_1873.jpeg
imagen_1874.jpg,0,train/imagen_1874.jpg
imagen_1875.jpg,0,train/imagen_1875.jpg
imagen_1876.jpg,0,train/imagen_1876.jpg
imagen_1877.jpeg,1,train/imagen_1877.jpeg
imagen_1878.jpeg,1,train/imagen_1878.jpeg
imagen_1879.jpeg,1,train/imagen_1879.jpeg
imagen_1880.jpg,0,train/imagen_1880.jpg
imagen_1881.jpeg,1,train/imagen_1881.jpeg
imagen_1882.jpg,0,train/imagen_1882.jpg
imagen_1883.jpg,0,train/imagen_1883.jpg
imagen_1884.jpeg,1,train/imagen_1884.jpeg
imagen_1885.jpeg,1,train/imagen_1885.jpeg
imagen_1886.jpeg,1,train/imagen_1886.jpeg
imagen_1887.jpg,0,train/imagen_1887.jpg
imagen_1888.jpeg,1,train/imagen_1888.jpeg
imagen_1889.jpeg,1,train/imagen_1889.jpeg
imagen_1890.jpeg,1,train/imagen_1890.jpeg
imagen_1891.jpeg,1,train/imagen_1891.jpeg
imagen_1892.jpeg,1,train/imagen_1892.jpeg
imagen_1893.jpg,0,train/imagen_1893.jpg
imagen_1894.jpg,0,train/imagen_1894.jpg
imagen_1895.jpg,0,train/imagen_1895.jpg
imagen_1896.jpg,0,train/imagen_1896.jpg
imagen_1897.jpg,0,train/imagen_1897.jpg
imagen_1898.jpeg,1,train/imagen_1898.jpeg
imagen_1899.jpeg,1,train/imagen_1899.jpeg
imagen_1900.jpg,0,train/imagen_1900.jpg
imagen_1901.jpeg,1,train/imagen_1901.jpeg
imagen_1902.jpeg,1,train/imagen_1902.jpeg
imagen_1903.jpeg,1,train/imagen_1903.jpeg
imagen_1904.jpg,0,train/imagen_1904.jpg
imagen_1905.jpg,0,train/imagen_1905.jpg
imagen_1906.jpg,0,train/imagen_1906.jpg
imagen_1907.jpg,0,train/imagen_1907.jpg
imagen_1908.jpg,0,train/imagen_1908.jpg
imagen_1909.jpeg,1,train/imagen_1909.jpeg
imagen_1910.jpeg,1,train/imagen_1910.jpeg
imagen_1911.jpeg,1,train/imagen_1911.jpeg
imagen_1912.jpeg,1,train/imagen_1912.jpeg
imagen_1913.jpeg,1,train/imagen_1913.jpeg
imagen_1914.jpeg,1,train/imagen_1914.jpeg
imagen_1915.jpg,0,train/imagen_1915.jpg
imagen_1916.jpg,0,train/imagen_1916.jpg
imagen_1917.jpg,0,train/imagen_1917.jpg
imagen_1918.jpeg,1,train/imagen_1918.jpeg
imagen_1919.jpeg,1,train/imagen_1919.jpeg
imagen_1920.jpg,0,train/imagen_1920.jpg
imagen_1921.jpeg,1,train/imagen_1921.jpeg
imagen_1922.jpeg,1,train/imagen_1922.jpeg
imagen_1923.jpeg,1,train/imagen_1923.jpeg
imagen_1924.jpg,0,train/imagen_1924.jpg
imagen_1925.jpg,0,train/imagen_1925.jpg
imagen_1926.jpeg,1,train/imagen_1926.jpeg
imagen_1927.jpeg,1,train/imagen_1927.jpeg
imagen_1928.jpg,0,train/imagen_1928.jpg
imagen_1929.jpg,0,train/imagen_1929.jpg
imagen_1930.jpeg,1,train/imagen_1930.jpeg
imagen_1931.jpg,0,train/imagen_1931.jpg
imagen_1932.jpeg,1,train/imagen_1932.jpeg
imagen_1933.jpg,0,train/imagen_1933.jpg
imagen_1934.jpg,0,train/imagen_1934.jpg
imagen_1935.jpg,0,train/imagen_1935.jpg
imagen_1936.jpg,0,train/imagen_1936.jpg
imagen_1937.jpeg,1,train/imagen_1937.jpeg
imagen_1938.jpeg,1,train/imagen_1938.jpeg
imagen_1939.jpeg,1,train/imagen_1939.jpeg
imagen_1940.jpg,0,train/imagen_1940.jpg
imagen_1941.jpeg,1,train/imagen_1941.jpeg
imagen_1942.jpg,0,train/imagen_1942.jpg
imagen_1943.jpg,0,train/imagen_1943.jpg
imagen_1944.jpeg,1,train/imagen_1944.jpeg
imagen_1945.jpeg,1,train/imagen_1945.jpeg
imagen_1946.jpg,0,train/imagen_1946.jpg
imagen_1947.jpeg,1,train/imagen_1947.jpeg
imagen_1948.jpeg,1,train/imagen_1948.jpeg
imagen_1949.jpg,0,train/imagen_1949.jpg
imagen_1950.jpeg,1,train/imagen_1950.jpeg
imagen_1951.jpg,0,train/imagen_1951.jpg
imagen_1952.jpeg,1,train/imagen_1952.jpeg
imagen_1953.jpg,0,train/imagen_1953.jpg
imagen_1954.jpeg,1,train/imagen_1954.jpeg
imagen_1955.jpeg,1,train/imagen_1955.jpeg
imagen_1956.jpeg,1,train/imagen_1956.jpeg
imagen_1957.jpg,0,train/imagen_1957.jpg
imagen_1958.jpeg,1,train/imagen_1958.jpeg
imagen_1959.jpeg,1,train/imagen_1959.jpeg
imagen_1960.jpeg,1,train/imagen_1960.jpeg
imagen_1961.jpg,0,train/imagen_1961.jpg
imagen_1962.jpg,0,train/imagen_1962.jpg
imagen_1963.jpg,0,train/imagen_1963.jpg
imagen_1964.jpeg,1,train/imagen_1964.jpeg
imagen_1965.jpeg,1,train/imagen_1965.jpeg
imagen_1966.jpg,0,train/imagen_1966.jpg
imagen_1967.jpg,0,train/imagen_1967.jpg
imagen_1968.jpg,0,train/imagen_1968.jpg
imagen_1969.jpeg,1,train/imagen_1969.jpeg
imagen_1970.jpeg,1,train/imagen_1970.jpeg
imagen_1971.jpg,0,train/imagen_1971.jpg
imagen_1972.jpg,0,train/imagen_1972.jpg
imagen_1973.jpeg,1,train/imagen_1973.jpeg
imagen_1974.jpg,0,train/imagen_1974.jpg
imagen_1975.jpeg,1,train/imagen_1975.jpeg
imagen_1976.jpeg,1,train/imagen_1976.jpeg
imagen_1977.jpg,0,train/imagen_1977.jpg
imagen_1978.jpeg,1,train/imagen_1978.jpeg
imagen_1979.jpeg,1,train/imagen_1979.jpeg
imagen_1980.jpg,0,train/imagen_1980.jpg
imagen_1981.jpeg,1,train/imagen_1981.jpeg
imagen_1982.jpeg,1,train/imagen_1982.jpeg
imagen_1983.jpg,0,train/imagen_1983.jpg
imagen_1984.jpg,0,train/imagen_1984.jpg
imagen_1985.jpeg,1,train/imagen_1985.jpeg
imagen_1986.jpg,0,train/imagen_1986.jpg
imagen_1987.jpeg,1,train/imagen_1987.jpeg
imagen_1988.jpg,0,train/imagen_1988.jpg
imagen_1989.jpeg,1,train/imagen_1989.jpeg
imagen_1990.jpeg,1,train/imagen_1990.jpeg
imagen_1991.jpg,0,train/imagen_1991.jpg
imagen_1992.jpeg,1,train/imagen_1992.jpeg
imagen_1993.jpg,0,train/imagen_1993.jpg
imagen_1994.jpg,0,train/imagen_1994.jpg
imagen_1995.jpg,0,train/imagen_1995.jpg
imagen_1996.jpg,0,train/imagen_1996.jpg
imagen_1997.jpeg,1,train/imagen_1997.jpeg
imagen_1998.jpg,0,train/imagen_1998.jpg
imagen_1999.jpg,0,train/imagen_1999.jpg
imagen_2000.jpeg,1,train/imagen_2000.jpeg
imagen_2001.jpg,0,train/imagen_2001.jpg
imagen_2002.jpeg,1,train/imagen_2002.jpeg
imagen_2003.jpg,0,train/imagen_2003.jpg
imagen_2004.jpeg,1,train/imagen_2004.jpeg
imagen_2005.jpg,0,train/imagen_2005.jpg
imagen_2006.jpeg,1,train/imagen_2006.jpeg
imagen_2007.jpeg,1,train/imagen_2007.jpeg
imagen_2008.jpeg,1,train/imagen_2008.jpeg
imagen_2009.jpeg,1,train/imagen_2009.jpeg
imagen_2010.jpg,0,train/imagen_2010.jpg
imagen_2011.jpeg,1,train/imagen_2011.jpeg
imagen_2012.jpeg,1,train/imagen_2012.jpeg
imagen_2013.jpeg,1,train/imagen_2013.jpeg
imagen_2014.jpeg,1,train/imagen_2014.jpeg
imagen_2015.jpeg,1,train/imagen_2015.jpeg
imagen_2016.jpg,0,train/imagen_2016.jpg
imagen_2017.jpeg,1,train/imagen_2017.jpeg
imagen_2018.jpg,0,train/imagen_2018.jpg
imagen_2019.jpeg,1,train/imagen_2019.jpeg
imagen_2020.jpg,0,train/imagen_2020.jpg
imagen_2021.jpg,0,train/imagen_2021.jpg
imagen_2022.jpg,0,train/imagen_2022.jpg
imagen_2023.jpeg,1,train/imagen_2023.jpeg
imagen_2024.jpg,0,train/imagen_2024.jpg
imagen_2025.jpeg,1,train/imagen_2025.jpeg
imagen_2026.jpg,0,train/imagen_2026.jpg
imagen_2027.jpg,0,train/imagen_2027.jpg
imagen_2028.jpg,0,train/imagen_2028.jpg
imagen_2029.jpg,0,train/imagen_2029.jpg
imagen_2030.jpeg,1,train/imagen_2030.jpeg
imagen_2031.jpg,0,train/imagen_2031.jpg
imagen_2032.jpeg,1,train/imagen_2032.jpeg
imagen_2033.jpg,0,train/imagen_2033.jpg
imagen_2034.jpg,0,train/imagen_2034.jpg
imagen_2035.jpg,0,train/imagen_2035.jpg
imagen_2036.jpeg,1,train/imagen_2036.jpeg
imagen_2037.jpeg,1,train/imagen_2037.jpeg
imagen_2038.jpeg,1,train/imagen_2038.jpeg
imagen_2039.jpeg,1,train/imagen_2039.jpeg
imagen_2040.jpeg,1,train/imagen_2040.jpeg
imagen_2041.jpeg,1,train/imagen_2041.jpeg
imagen_2042.jpg,0,train/imagen_2042.jpg
imagen_2043.jpg,0,train/imagen_2043.jpg
imagen_2044.jpg,0,train/imagen_2044.jpg
imagen_2045.jpg,0,train/imagen_2045.jpg
imagen_2046.jpeg,1,train/imagen_2046.jpeg
imagen_2047.jpeg,1,train/imagen_2047.jpeg
imagen_2048.jpeg,1,train/imagen_2048.jpeg
imagen_2049.jpg,0,train/imagen_2049.jpg
imagen_2050.jpg,0,train/imagen_2050.jpg
imagen_2051.jpeg,1,train/imagen_2051.jpeg
imagen_2052.jpg,0,train/imagen_2052.jpg
imagen_2053.jpg,0,train/imagen_2053.jpg
imagen_2054.jpeg,1,train/imagen_2054.jpeg
imagen_2055.jpeg,1,train/imagen_2055.jpeg
imagen_2056.jpg,0,train/imagen_2056.jpg
imagen_2057.jpg,0,train/imagen_2057.jpg
imagen_2058.jpg,0,train/imagen_2058.jpg
imagen_2059.jpg,0,train/imagen_2059.jpg
imagen_2060.jpeg,1,train/imagen_2060.jpeg
imagen_2061.jpeg,1,train/imagen_2061.jpeg
imagen_2062.jpeg,1,train/imagen_2062.jpeg
imagen_2063.jpg,0,train/imagen_2063.jpg
imagen_2064.jpeg,1,train/imagen_2064.jpeg
imagen_2065.jpg,0,train/imagen_2065.jpg
imagen_2066.jpg,0,train/imagen_2066.jpg
imagen_2067.jpg,0,train/imagen_2067.jpg
imagen_2068.jpg,0,train/imagen_2068.jpg
imagen_2069.jpeg,1,train/imagen_2069.jpeg
imagen_2070.jpeg,1,train/imagen_2070.jpeg
imagen_2071.jpeg,1,train/imagen_2071.jpeg
imagen_2072.jpeg,1,train/imagen_2072.jpeg
imagen_2073.jpeg,1,train/imagen_2073.jpeg
imagen_2074.jpeg,1,train/imagen_2074.jpeg
imagen_2075.jpg,0,train/imagen_2075.jpg
imagen_2076.jpeg,1,train/imagen_2076.jpeg
imagen_2077.jpeg,1,train/imagen_2077.jpeg
imagen_2078.jpeg,1,train/imagen_2078.jpeg
imagen_2079.jpeg,1,train/imagen_2079.jpeg
imagen_2080.jpg,0,train/imagen_2080.jpg
imagen_2081.jpeg,1,train/imagen_2081.jpeg
imagen_2082.jpg,0,train/imagen_2082.jpg
imagen_2083.jpg,0,train/imagen_2083.jpg
imagen_2084.jpg,0,train/imagen_2084.jpg
imagen_2085.jpeg,1,train/imagen_2085.jpeg
imagen_2086.jpeg,1,train/imagen_2086.jpeg
imagen_2087.jpeg,1,train/imagen_2087.jpeg
imagen_2088.jpeg,1,train/imagen_2088.jpeg
imagen_2089.jpg,0,train/imagen_2089.jpg
imagen_2090.jpeg,1,train/imagen_2090.jpeg
imagen_2091.jpg,0,train/imagen_2091.jpg
imagen_2092.jpg,0,train/imagen_2092.jpg
imagen_2093.jpeg,1,train/imagen_2093.jpeg
imagen_2094.jpeg,1,train/imagen_2094.jpeg
imagen_2095.jpg,0,train/imagen_2095.jpg
imagen_2096.jpeg,1,train/imagen_2096.jpeg
imagen_2097.jpg,0,train/imagen_2097.jpg
imagen_2098.jpeg,1,train/imagen_2098.jpeg
imagen_2099.jpg,0,train/imagen_2099.jpg
imagen_2100.jpg,0,train/imagen_2100.jpg
